instant,season_x,year_x,month_x,holiday_x,weekday_x,workingday_x,weather_x,casual_x,registered_x,count_x,status,season_y,year_y,month_y,hour,holiday_y,weekday_y,workingday_y,weather_y,casual_y,registered_y,count_y,count_group
1,Spring,2011,Jan,0,Saturday,0,Misty,331,654,985,Non Active,Spring,2011,Jan,0,0,Saturday,0,Clear,3,13,16,registered
2,Spring,2011,Jan,0,Sunday,0,Misty,131,670,801,Non Active,Spring,2011,Jan,1,0,Saturday,0,Clear,8,32,40,registered
3,Spring,2011,Jan,0,Monday,1,Clear,120,1229,1349,Non Active,Spring,2011,Jan,2,0,Saturday,0,Clear,5,27,32,registered
4,Spring,2011,Jan,0,Tuesday,1,Clear,108,1454,1562,Non Active,Spring,2011,Jan,3,0,Saturday,0,Clear,3,10,13,registered
5,Spring,2011,Jan,0,Wednesday,1,Clear,82,1518,1600,Non Active,Spring,2011,Jan,4,0,Saturday,0,Clear,0,1,1,registered
6,Spring,2011,Jan,0,Thursday,1,Clear,88,1518,1606,Non Active,Spring,2011,Jan,5,0,Saturday,0,Misty,0,1,1,registered
7,Spring,2011,Jan,0,Friday,1,Misty,148,1362,1510,Non Active,Spring,2011,Jan,6,0,Saturday,0,Clear,2,0,2,registered
8,Spring,2011,Jan,0,Saturday,0,Misty,68,891,959,Non Active,Spring,2011,Jan,7,0,Saturday,0,Clear,1,2,3,registered
9,Spring,2011,Jan,0,Sunday,0,Clear,54,768,822,Non Active,Spring,2011,Jan,8,0,Saturday,0,Clear,1,7,8,registered
10,Spring,2011,Jan,0,Monday,1,Clear,41,1280,1321,Non Active,Spring,2011,Jan,9,0,Saturday,0,Clear,8,6,14,registered
11,Spring,2011,Jan,0,Tuesday,1,Misty,43,1220,1263,Non Active,Spring,2011,Jan,10,0,Saturday,0,Clear,12,24,36,registered
12,Spring,2011,Jan,0,Wednesday,1,Clear,25,1137,1162,Non Active,Spring,2011,Jan,11,0,Saturday,0,Clear,26,30,56,registered
13,Spring,2011,Jan,0,Thursday,1,Clear,38,1368,1406,Non Active,Spring,2011,Jan,12,0,Saturday,0,Clear,29,55,84,registered
14,Spring,2011,Jan,0,Friday,1,Clear,54,1367,1421,Non Active,Spring,2011,Jan,13,0,Saturday,0,Misty,47,47,94,registered
15,Spring,2011,Jan,0,Saturday,0,Misty,222,1026,1248,Non Active,Spring,2011,Jan,14,0,Saturday,0,Misty,35,71,106,registered
16,Spring,2011,Jan,0,Sunday,0,Clear,251,953,1204,Non Active,Spring,2011,Jan,15,0,Saturday,0,Misty,40,70,110,registered
17,Spring,2011,Jan,1,Monday,0,Misty,117,883,1000,Non Active,Spring,2011,Jan,16,0,Saturday,0,Misty,41,52,93,registered
18,Spring,2011,Jan,0,Tuesday,1,Misty,9,674,683,Non Active,Spring,2011,Jan,17,0,Saturday,0,Misty,15,52,67,registered
19,Spring,2011,Jan,0,Wednesday,1,Misty,78,1572,1650,Non Active,Spring,2011,Jan,18,0,Saturday,0,Light_RainSnow,9,26,35,registered
20,Spring,2011,Jan,0,Thursday,1,Misty,83,1844,1927,Active,Spring,2011,Jan,19,0,Saturday,0,Light_RainSnow,6,31,37,registered
21,Spring,2011,Jan,0,Friday,1,Clear,75,1468,1543,Non Active,Spring,2011,Jan,20,0,Saturday,0,Misty,11,25,36,registered
22,Spring,2011,Jan,0,Saturday,0,Clear,93,888,981,Non Active,Spring,2011,Jan,21,0,Saturday,0,Misty,3,31,34,registered
23,Spring,2011,Jan,0,Sunday,0,Clear,150,836,986,Non Active,Spring,2011,Jan,22,0,Saturday,0,Misty,11,17,28,registered
24,Spring,2011,Jan,0,Monday,1,Clear,86,1330,1416,Non Active,Spring,2011,Jan,23,0,Saturday,0,Misty,15,24,39,registered
25,Spring,2011,Jan,0,Tuesday,1,Misty,186,1799,1985,Non Active,Spring,2011,Jan,0,0,Sunday,0,Misty,4,13,17,registered
26,Spring,2011,Jan,0,Wednesday,1,Light_RainSnow,34,472,506,Non Active,Spring,2011,Jan,1,0,Sunday,0,Misty,1,16,17,registered
27,Spring,2011,Jan,0,Thursday,1,Clear,15,416,431,Non Active,Spring,2011,Jan,2,0,Sunday,0,Misty,1,8,9,registered
28,Spring,2011,Jan,0,Friday,1,Misty,38,1129,1167,Non Active,Spring,2011,Jan,3,0,Sunday,0,Misty,2,4,6,registered
29,Spring,2011,Jan,0,Saturday,0,Clear,123,975,1098,Non Active,Spring,2011,Jan,4,0,Sunday,0,Misty,2,1,3,registered
30,Spring,2011,Jan,0,Sunday,0,Clear,140,956,1096,Non Active,Spring,2011,Jan,6,0,Sunday,0,Light_RainSnow,0,2,2,registered
31,Spring,2011,Jan,0,Monday,1,Misty,42,1459,1501,Non Active,Spring,2011,Jan,7,0,Sunday,0,Misty,0,1,1,registered
32,Spring,2011,Feb,0,Tuesday,1,Misty,47,1313,1360,Non Active,Spring,2011,Jan,8,0,Sunday,0,Light_RainSnow,0,8,8,registered
33,Spring,2011,Feb,0,Wednesday,1,Misty,72,1454,1526,Non Active,Spring,2011,Jan,9,0,Sunday,0,Misty,1,19,20,registered
34,Spring,2011,Feb,0,Thursday,1,Clear,61,1489,1550,Non Active,Spring,2011,Jan,10,0,Sunday,0,Misty,7,46,53,registered
35,Spring,2011,Feb,0,Friday,1,Misty,88,1620,1708,Non Active,Spring,2011,Jan,11,0,Sunday,0,Misty,16,54,70,registered
36,Spring,2011,Feb,0,Saturday,0,Misty,100,905,1005,Non Active,Spring,2011,Jan,12,0,Sunday,0,Misty,20,73,93,registered
37,Spring,2011,Feb,0,Sunday,0,Clear,354,1269,1623,Non Active,Spring,2011,Jan,13,0,Sunday,0,Misty,11,64,75,registered
38,Spring,2011,Feb,0,Monday,1,Clear,120,1592,1712,Non Active,Spring,2011,Jan,14,0,Sunday,0,Light_RainSnow,4,55,59,registered
39,Spring,2011,Feb,0,Tuesday,1,Clear,64,1466,1530,Non Active,Spring,2011,Jan,15,0,Sunday,0,Light_RainSnow,19,55,74,registered
40,Spring,2011,Feb,0,Wednesday,1,Misty,53,1552,1605,Non Active,Spring,2011,Jan,16,0,Sunday,0,Light_RainSnow,9,67,76,registered
41,Spring,2011,Feb,0,Thursday,1,Clear,47,1491,1538,Non Active,Spring,2011,Jan,17,0,Sunday,0,Clear,7,58,65,registered
42,Spring,2011,Feb,0,Friday,1,Clear,149,1597,1746,Non Active,Spring,2011,Jan,18,0,Sunday,0,Misty,10,43,53,registered
43,Spring,2011,Feb,0,Saturday,0,Clear,288,1184,1472,Non Active,Spring,2011,Jan,19,0,Sunday,0,Clear,1,29,30,registered
44,Spring,2011,Feb,0,Sunday,0,Clear,397,1192,1589,Non Active,Spring,2011,Jan,20,0,Sunday,0,Clear,5,17,22,registered
45,Spring,2011,Feb,0,Monday,1,Clear,208,1705,1913,Non Active,Spring,2011,Jan,21,0,Sunday,0,Clear,11,20,31,registered
46,Spring,2011,Feb,0,Tuesday,1,Clear,140,1675,1815,Non Active,Spring,2011,Jan,22,0,Sunday,0,Clear,0,9,9,registered
47,Spring,2011,Feb,0,Wednesday,1,Clear,218,1897,2115,Non Active,Spring,2011,Jan,23,0,Sunday,0,Clear,0,8,8,registered
48,Spring,2011,Feb,0,Thursday,1,Clear,259,2216,2475,Non Active,Spring,2011,Jan,0,0,Monday,1,Clear,0,5,5,registered
49,Spring,2011,Feb,0,Friday,1,Clear,579,2348,2927,Non Active,Spring,2011,Jan,1,0,Monday,1,Clear,0,2,2,registered
50,Spring,2011,Feb,0,Saturday,0,Clear,532,1103,1635,Non Active,Spring,2011,Jan,4,0,Monday,1,Clear,0,1,1,registered
51,Spring,2011,Feb,0,Sunday,0,Clear,639,1173,1812,Non Active,Spring,2011,Jan,5,0,Monday,1,Clear,0,3,3,registered
52,Spring,2011,Feb,1,Monday,0,Misty,195,912,1107,Non Active,Spring,2011,Jan,6,0,Monday,1,Clear,0,30,30,registered
53,Spring,2011,Feb,0,Tuesday,1,Clear,74,1376,1450,Non Active,Spring,2011,Jan,7,0,Monday,1,Clear,1,63,64,registered
54,Spring,2011,Feb,0,Wednesday,1,Clear,139,1778,1917,Non Active,Spring,2011,Jan,8,0,Monday,1,Clear,1,153,154,registered
55,Spring,2011,Feb,0,Thursday,1,Misty,100,1707,1807,Non Active,Spring,2011,Jan,9,0,Monday,1,Clear,7,81,88,registered
56,Spring,2011,Feb,0,Friday,1,Misty,120,1341,1461,Non Active,Spring,2011,Jan,10,0,Monday,1,Clear,11,33,44,registered
57,Spring,2011,Feb,0,Saturday,0,Clear,424,1545,1969,Non Active,Spring,2011,Jan,11,0,Monday,1,Clear,10,41,51,registered
58,Spring,2011,Feb,0,Sunday,0,Clear,694,1708,2402,Non Active,Spring,2011,Jan,12,0,Monday,1,Clear,13,48,61,registered
59,Spring,2011,Feb,0,Monday,1,Misty,81,1365,1446,Non Active,Spring,2011,Jan,13,0,Monday,1,Clear,8,53,61,registered
60,Spring,2011,Mar,0,Tuesday,1,Clear,137,1714,1851,Non Active,Spring,2011,Jan,14,0,Monday,1,Clear,11,66,77,registered
61,Spring,2011,Mar,0,Wednesday,1,Clear,231,1903,2134,Non Active,Spring,2011,Jan,15,0,Monday,1,Clear,14,58,72,registered
62,Spring,2011,Mar,0,Thursday,1,Clear,123,1562,1685,Non Active,Spring,2011,Jan,16,0,Monday,1,Clear,9,67,76,registered
63,Spring,2011,Mar,0,Friday,1,Misty,214,1730,1944,Non Active,Spring,2011,Jan,17,0,Monday,1,Clear,11,146,157,registered
64,Spring,2011,Mar,0,Saturday,0,Misty,640,1437,2077,Non Active,Spring,2011,Jan,18,0,Monday,1,Clear,9,148,157,registered
65,Spring,2011,Mar,0,Sunday,0,Misty,114,491,605,Non Active,Spring,2011,Jan,19,0,Monday,1,Clear,8,102,110,registered
66,Spring,2011,Mar,0,Monday,1,Clear,244,1628,1872,Non Active,Spring,2011,Jan,20,0,Monday,1,Clear,3,49,52,registered
67,Spring,2011,Mar,0,Tuesday,1,Clear,316,1817,2133,Non Active,Spring,2011,Jan,21,0,Monday,1,Clear,3,49,52,registered
68,Spring,2011,Mar,0,Wednesday,1,Misty,191,1700,1891,Non Active,Spring,2011,Jan,22,0,Monday,1,Clear,0,20,20,registered
69,Spring,2011,Mar,0,Thursday,1,Light_RainSnow,46,577,623,Non Active,Spring,2011,Jan,23,0,Monday,1,Clear,1,11,12,registered
70,Spring,2011,Mar,0,Friday,1,Misty,247,1730,1977,Non Active,Spring,2011,Jan,0,0,Tuesday,1,Clear,0,5,5,registered
71,Spring,2011,Mar,0,Saturday,0,Clear,724,1408,2132,Non Active,Spring,2011,Jan,1,0,Tuesday,1,Clear,0,2,2,registered
72,Spring,2011,Mar,0,Sunday,0,Clear,982,1435,2417,Non Active,Spring,2011,Jan,2,0,Tuesday,1,Clear,0,1,1,registered
73,Spring,2011,Mar,0,Monday,1,Clear,359,1687,2046,Non Active,Spring,2011,Jan,4,0,Tuesday,1,Clear,0,2,2,registered
74,Spring,2011,Mar,0,Tuesday,1,Misty,289,1767,2056,Non Active,Spring,2011,Jan,5,0,Tuesday,1,Clear,0,4,4,registered
75,Spring,2011,Mar,0,Wednesday,1,Misty,321,1871,2192,Non Active,Spring,2011,Jan,6,0,Tuesday,1,Clear,0,36,36,registered
76,Spring,2011,Mar,0,Thursday,1,Clear,424,2320,2744,Non Active,Spring,2011,Jan,7,0,Tuesday,1,Clear,2,92,94,registered
77,Spring,2011,Mar,0,Friday,1,Clear,884,2355,3239,Non Active,Spring,2011,Jan,8,0,Tuesday,1,Clear,2,177,179,registered
78,Spring,2011,Mar,0,Saturday,0,Clear,1424,1693,3117,Non Active,Spring,2011,Jan,9,0,Tuesday,1,Clear,2,98,100,registered
79,Spring,2011,Mar,0,Sunday,0,Clear,1047,1424,2471,Non Active,Spring,2011,Jan,10,0,Tuesday,1,Misty,5,37,42,registered
80,Summer,2011,Mar,0,Monday,1,Misty,401,1676,2077,Non Active,Spring,2011,Jan,11,0,Tuesday,1,Clear,7,50,57,registered
81,Summer,2011,Mar,0,Tuesday,1,Clear,460,2243,2703,Non Active,Spring,2011,Jan,12,0,Tuesday,1,Clear,12,66,78,registered
82,Summer,2011,Mar,0,Wednesday,1,Misty,203,1918,2121,Non Active,Spring,2011,Jan,13,0,Tuesday,1,Clear,18,79,97,registered
83,Summer,2011,Mar,0,Thursday,1,Misty,166,1699,1865,Non Active,Spring,2011,Jan,14,0,Tuesday,1,Clear,9,54,63,registered
84,Summer,2011,Mar,0,Friday,1,Clear,300,1910,2210,Non Active,Spring,2011,Jan,15,0,Tuesday,1,Clear,17,48,65,registered
85,Summer,2011,Mar,0,Saturday,0,Clear,981,1515,2496,Non Active,Spring,2011,Jan,16,0,Tuesday,1,Clear,15,68,83,registered
86,Summer,2011,Mar,0,Sunday,0,Misty,472,1221,1693,Non Active,Spring,2011,Jan,17,0,Tuesday,1,Clear,10,202,212,registered
87,Summer,2011,Mar,0,Monday,1,Clear,222,1806,2028,Non Active,Spring,2011,Jan,18,0,Tuesday,1,Clear,3,179,182,registered
88,Summer,2011,Mar,0,Tuesday,1,Clear,317,2108,2425,Non Active,Spring,2011,Jan,19,0,Tuesday,1,Clear,2,110,112,registered
89,Summer,2011,Mar,0,Wednesday,1,Misty,168,1368,1536,Non Active,Spring,2011,Jan,20,0,Tuesday,1,Clear,1,53,54,registered
90,Summer,2011,Mar,0,Thursday,1,Light_RainSnow,179,1506,1685,Non Active,Spring,2011,Jan,21,0,Tuesday,1,Clear,0,48,48,registered
91,Summer,2011,Apr,0,Friday,1,Misty,307,1920,2227,Non Active,Spring,2011,Jan,22,0,Tuesday,1,Clear,1,34,35,registered
92,Summer,2011,Apr,0,Saturday,0,Misty,898,1354,2252,Non Active,Spring,2011,Jan,23,0,Tuesday,1,Clear,2,9,11,registered
93,Summer,2011,Apr,0,Sunday,0,Clear,1651,1598,3249,Non Active,Spring,2011,Jan,0,0,Wednesday,1,Clear,0,6,6,registered
94,Summer,2011,Apr,0,Monday,1,Clear,734,2381,3115,Non Active,Spring,2011,Jan,1,0,Wednesday,1,Clear,0,6,6,registered
95,Summer,2011,Apr,0,Tuesday,1,Misty,167,1628,1795,Non Active,Spring,2011,Jan,2,0,Wednesday,1,Clear,0,2,2,registered
96,Summer,2011,Apr,0,Wednesday,1,Clear,413,2395,2808,Non Active,Spring,2011,Jan,4,0,Wednesday,1,Clear,0,2,2,registered
97,Summer,2011,Apr,0,Thursday,1,Clear,571,2570,3141,Non Active,Spring,2011,Jan,5,0,Wednesday,1,Clear,0,3,3,registered
98,Summer,2011,Apr,0,Friday,1,Misty,172,1299,1471,Non Active,Spring,2011,Jan,6,0,Wednesday,1,Clear,0,33,33,registered
99,Summer,2011,Apr,0,Saturday,0,Misty,879,1576,2455,Non Active,Spring,2011,Jan,7,0,Wednesday,1,Clear,1,87,88,registered
100,Summer,2011,Apr,0,Sunday,0,Misty,1188,1707,2895,Non Active,Spring,2011,Jan,8,0,Wednesday,1,Clear,3,192,195,registered
101,Summer,2011,Apr,0,Monday,1,Misty,855,2493,3348,Non Active,Spring,2011,Jan,9,0,Wednesday,1,Clear,6,109,115,registered
102,Summer,2011,Apr,0,Tuesday,1,Misty,257,1777,2034,Non Active,Spring,2011,Jan,10,0,Wednesday,1,Clear,4,53,57,registered
103,Summer,2011,Apr,0,Wednesday,1,Misty,209,1953,2162,Non Active,Spring,2011,Jan,11,0,Wednesday,1,Clear,12,34,46,registered
104,Summer,2011,Apr,0,Thursday,1,Clear,529,2738,3267,Non Active,Spring,2011,Jan,12,0,Wednesday,1,Clear,5,74,79,registered
105,Summer,2011,Apr,1,Friday,0,Clear,642,2484,3126,Non Active,Spring,2011,Jan,13,0,Wednesday,1,Clear,6,65,71,registered
106,Summer,2011,Apr,0,Saturday,0,Light_RainSnow,121,674,795,Non Active,Spring,2011,Jan,14,0,Wednesday,1,Clear,10,52,62,registered
107,Summer,2011,Apr,0,Sunday,0,Clear,1558,2186,3744,Non Active,Spring,2011,Jan,15,0,Wednesday,1,Clear,7,55,62,registered
108,Summer,2011,Apr,0,Monday,1,Clear,669,2760,3429,Non Active,Spring,2011,Jan,16,0,Wednesday,1,Clear,4,85,89,registered
109,Summer,2011,Apr,0,Tuesday,1,Misty,409,2795,3204,Non Active,Spring,2011,Jan,17,0,Wednesday,1,Clear,4,186,190,registered
110,Summer,2011,Apr,0,Wednesday,1,Clear,613,3331,3944,Non Active,Spring,2011,Jan,18,0,Wednesday,1,Clear,3,166,169,registered
111,Summer,2011,Apr,0,Thursday,1,Clear,745,3444,4189,Non Active,Spring,2011,Jan,19,0,Wednesday,1,Clear,5,127,132,registered
112,Summer,2011,Apr,0,Friday,1,Misty,177,1506,1683,Non Active,Spring,2011,Jan,20,0,Wednesday,1,Clear,7,82,89,registered
113,Summer,2011,Apr,0,Saturday,0,Misty,1462,2574,4036,Non Active,Spring,2011,Jan,21,0,Wednesday,1,Clear,3,40,43,registered
114,Summer,2011,Apr,0,Sunday,0,Misty,1710,2481,4191,Non Active,Spring,2011,Jan,22,0,Wednesday,1,Clear,1,41,42,registered
115,Summer,2011,Apr,0,Monday,1,Clear,773,3300,4073,Non Active,Spring,2011,Jan,23,0,Wednesday,1,Clear,1,18,19,registered
116,Summer,2011,Apr,0,Tuesday,1,Clear,678,3722,4400,Non Active,Spring,2011,Jan,0,0,Thursday,1,Clear,0,11,11,registered
117,Summer,2011,Apr,0,Wednesday,1,Misty,547,3325,3872,Non Active,Spring,2011,Jan,1,0,Thursday,1,Clear,0,4,4,registered
118,Summer,2011,Apr,0,Thursday,1,Misty,569,3489,4058,Non Active,Spring,2011,Jan,2,0,Thursday,1,Clear,0,2,2,registered
119,Summer,2011,Apr,0,Friday,1,Clear,878,3717,4595,Non Active,Spring,2011,Jan,4,0,Thursday,1,Misty,0,1,1,registered
120,Summer,2011,Apr,0,Saturday,0,Clear,1965,3347,5312,Non Active,Spring,2011,Jan,5,0,Thursday,1,Misty,0,4,4,registered
121,Summer,2011,May,0,Sunday,0,Misty,1138,2213,3351,Non Active,Spring,2011,Jan,6,0,Thursday,1,Misty,0,36,36,registered
122,Summer,2011,May,0,Monday,1,Misty,847,3554,4401,Non Active,Spring,2011,Jan,7,0,Thursday,1,Misty,0,95,95,registered
123,Summer,2011,May,0,Tuesday,1,Misty,603,3848,4451,Non Active,Spring,2011,Jan,8,0,Thursday,1,Clear,3,216,219,registered
124,Summer,2011,May,0,Wednesday,1,Misty,255,2378,2633,Non Active,Spring,2011,Jan,9,0,Thursday,1,Misty,6,116,122,registered
125,Summer,2011,May,0,Thursday,1,Clear,614,3819,4433,Non Active,Spring,2011,Jan,10,0,Thursday,1,Clear,3,42,45,registered
126,Summer,2011,May,0,Friday,1,Clear,894,3714,4608,Non Active,Spring,2011,Jan,11,0,Thursday,1,Clear,2,57,59,registered
127,Summer,2011,May,0,Saturday,0,Clear,1612,3102,4714,Non Active,Spring,2011,Jan,12,0,Thursday,1,Clear,6,78,84,registered
128,Summer,2011,May,0,Sunday,0,Clear,1401,2932,4333,Non Active,Spring,2011,Jan,13,0,Thursday,1,Clear,12,55,67,registered
129,Summer,2011,May,0,Monday,1,Clear,664,3698,4362,Non Active,Spring,2011,Jan,14,0,Thursday,1,Clear,11,59,70,registered
130,Summer,2011,May,0,Tuesday,1,Clear,694,4109,4803,Non Active,Spring,2011,Jan,15,0,Thursday,1,Clear,8,54,62,registered
131,Summer,2011,May,0,Wednesday,1,Clear,550,3632,4182,Non Active,Spring,2011,Jan,16,0,Thursday,1,Clear,12,74,86,registered
132,Summer,2011,May,0,Thursday,1,Clear,695,4169,4864,Non Active,Spring,2011,Jan,17,0,Thursday,1,Clear,9,163,172,registered
133,Summer,2011,May,0,Friday,1,Misty,692,3413,4105,Non Active,Spring,2011,Jan,18,0,Thursday,1,Clear,5,158,163,registered
134,Summer,2011,May,0,Saturday,0,Misty,902,2507,3409,Non Active,Spring,2011,Jan,19,0,Thursday,1,Clear,3,109,112,registered
135,Summer,2011,May,0,Sunday,0,Misty,1582,2971,4553,Non Active,Spring,2011,Jan,20,0,Thursday,1,Clear,3,66,69,registered
136,Summer,2011,May,0,Monday,1,Clear,773,3185,3958,Non Active,Spring,2011,Jan,21,0,Thursday,1,Misty,0,48,48,registered
137,Summer,2011,May,0,Tuesday,1,Misty,678,3445,4123,Non Active,Spring,2011,Jan,22,0,Thursday,1,Misty,1,51,52,registered
138,Summer,2011,May,0,Wednesday,1,Misty,536,3319,3855,Non Active,Spring,2011,Jan,23,0,Thursday,1,Misty,4,19,23,registered
139,Summer,2011,May,0,Thursday,1,Misty,735,3840,4575,Non Active,Spring,2011,Jan,0,0,Friday,1,Misty,4,13,17,registered
140,Summer,2011,May,0,Friday,1,Clear,909,4008,4917,Non Active,Spring,2011,Jan,1,0,Friday,1,Misty,2,5,7,registered
141,Summer,2011,May,0,Saturday,0,Clear,2258,3547,5805,Non Active,Spring,2011,Jan,2,0,Friday,1,Misty,0,1,1,registered
142,Summer,2011,May,0,Sunday,0,Clear,1576,3084,4660,Non Active,Spring,2011,Jan,4,0,Friday,1,Misty,0,1,1,registered
143,Summer,2011,May,0,Monday,1,Misty,836,3438,4274,Non Active,Spring,2011,Jan,5,0,Friday,1,Light_RainSnow,0,5,5,registered
144,Summer,2011,May,0,Tuesday,1,Misty,659,3833,4492,Non Active,Spring,2011,Jan,6,0,Friday,1,Misty,8,26,34,registered
145,Summer,2011,May,0,Wednesday,1,Clear,740,4238,4978,Non Active,Spring,2011,Jan,7,0,Friday,1,Clear,8,76,84,registered
146,Summer,2011,May,0,Thursday,1,Clear,758,3919,4677,Non Active,Spring,2011,Jan,8,0,Friday,1,Clear,20,190,210,registered
147,Summer,2011,May,0,Friday,1,Clear,871,3808,4679,Non Active,Spring,2011,Jan,9,0,Friday,1,Clear,9,125,134,registered
148,Summer,2011,May,0,Saturday,0,Clear,2001,2757,4758,Non Active,Spring,2011,Jan,10,0,Friday,1,Clear,16,47,63,registered
149,Summer,2011,May,0,Sunday,0,Clear,2355,2433,4788,Non Active,Spring,2011,Jan,11,0,Friday,1,Misty,19,48,67,registered
150,Summer,2011,May,1,Monday,0,Clear,1549,2549,4098,Non Active,Spring,2011,Jan,12,0,Friday,1,Misty,9,50,59,registered
151,Summer,2011,May,0,Tuesday,1,Clear,673,3309,3982,Non Active,Spring,2011,Jan,13,0,Friday,1,Misty,9,64,73,registered
152,Summer,2011,Jun,0,Wednesday,1,Misty,513,3461,3974,Non Active,Spring,2011,Jan,14,0,Friday,1,Misty,7,43,50,registered
153,Summer,2011,Jun,0,Thursday,1,Clear,736,4232,4968,Non Active,Spring,2011,Jan,15,0,Friday,1,Misty,9,63,72,registered
154,Summer,2011,Jun,0,Friday,1,Clear,898,4414,5312,Non Active,Spring,2011,Jan,16,0,Friday,1,Misty,5,82,87,registered
155,Summer,2011,Jun,0,Saturday,0,Clear,1869,3473,5342,Non Active,Spring,2011,Jan,17,0,Friday,1,Misty,9,178,187,registered
156,Summer,2011,Jun,0,Sunday,0,Misty,1685,3221,4906,Non Active,Spring,2011,Jan,18,0,Friday,1,Clear,7,116,123,registered
157,Summer,2011,Jun,0,Monday,1,Clear,673,3875,4548,Non Active,Spring,2011,Jan,19,0,Friday,1,Clear,3,92,95,registered
158,Summer,2011,Jun,0,Tuesday,1,Clear,763,4070,4833,Non Active,Spring,2011,Jan,20,0,Friday,1,Clear,1,50,51,registered
159,Summer,2011,Jun,0,Wednesday,1,Clear,676,3725,4401,Non Active,Spring,2011,Jan,21,0,Friday,1,Clear,0,39,39,registered
160,Summer,2011,Jun,0,Thursday,1,Misty,563,3352,3915,Non Active,Spring,2011,Jan,22,0,Friday,1,Misty,2,34,36,registered
161,Summer,2011,Jun,0,Friday,1,Clear,815,3771,4586,Non Active,Spring,2011,Jan,23,0,Friday,1,Misty,1,14,15,registered
162,Summer,2011,Jun,0,Saturday,0,Clear,1729,3237,4966,Non Active,Spring,2011,Jan,0,0,Saturday,0,Misty,1,24,25,registered
163,Summer,2011,Jun,0,Sunday,0,Clear,1467,2993,4460,Non Active,Spring,2011,Jan,1,0,Saturday,0,Misty,1,15,16,registered
164,Summer,2011,Jun,0,Monday,1,Clear,863,4157,5020,Non Active,Spring,2011,Jan,2,0,Saturday,0,Misty,3,13,16,registered
165,Summer,2011,Jun,0,Tuesday,1,Clear,727,4164,4891,Non Active,Spring,2011,Jan,3,0,Saturday,0,Light_RainSnow,0,7,7,registered
166,Summer,2011,Jun,0,Wednesday,1,Clear,769,4411,5180,Non Active,Spring,2011,Jan,4,0,Saturday,0,Light_RainSnow,0,1,1,registered
167,Summer,2011,Jun,0,Thursday,1,Misty,545,3222,3767,Non Active,Spring,2011,Jan,5,0,Saturday,0,Misty,0,5,5,registered
168,Summer,2011,Jun,0,Friday,1,Clear,863,3981,4844,Non Active,Spring,2011,Jan,6,0,Saturday,0,Misty,0,2,2,registered
169,Summer,2011,Jun,0,Saturday,0,Clear,1807,3312,5119,Non Active,Spring,2011,Jan,7,0,Saturday,0,Misty,1,8,9,registered
170,Summer,2011,Jun,0,Sunday,0,Misty,1639,3105,4744,Non Active,Spring,2011,Jan,8,0,Saturday,0,Light_RainSnow,0,15,15,registered
171,Summer,2011,Jun,0,Monday,1,Misty,699,3311,4010,Non Active,Spring,2011,Jan,9,0,Saturday,0,Light_RainSnow,0,20,20,registered
172,Fall,2011,Jun,0,Tuesday,1,Misty,774,4061,4835,Non Active,Spring,2011,Jan,10,0,Saturday,0,Misty,5,56,61,registered
173,Fall,2011,Jun,0,Wednesday,1,Clear,661,3846,4507,Non Active,Spring,2011,Jan,11,0,Saturday,0,Misty,2,60,62,registered
174,Fall,2011,Jun,0,Thursday,1,Misty,746,4044,4790,Non Active,Spring,2011,Jan,12,0,Saturday,0,Misty,8,90,98,registered
175,Fall,2011,Jun,0,Friday,1,Clear,969,4022,4991,Non Active,Spring,2011,Jan,13,0,Saturday,0,Clear,7,95,102,registered
176,Fall,2011,Jun,0,Saturday,0,Clear,1782,3420,5202,Non Active,Spring,2011,Jan,14,0,Saturday,0,Clear,12,83,95,registered
177,Fall,2011,Jun,0,Sunday,0,Clear,1920,3385,5305,Non Active,Spring,2011,Jan,15,0,Saturday,0,Clear,5,69,74,registered
178,Fall,2011,Jun,0,Monday,1,Misty,854,3854,4708,Non Active,Spring,2011,Jan,16,0,Saturday,0,Clear,8,68,76,registered
179,Fall,2011,Jun,0,Tuesday,1,Clear,732,3916,4648,Non Active,Spring,2011,Jan,17,0,Saturday,0,Clear,5,64,69,registered
180,Fall,2011,Jun,0,Wednesday,1,Clear,848,4377,5225,Non Active,Spring,2011,Jan,18,0,Saturday,0,Clear,3,52,55,registered
181,Fall,2011,Jun,0,Thursday,1,Clear,1027,4488,5515,Non Active,Spring,2011,Jan,19,0,Saturday,0,Clear,4,26,30,registered
182,Fall,2011,Jul,0,Friday,1,Clear,1246,4116,5362,Non Active,Spring,2011,Jan,20,0,Saturday,0,Clear,0,28,28,registered
183,Fall,2011,Jul,0,Saturday,0,Clear,2204,2915,5119,Non Active,Spring,2011,Jan,21,0,Saturday,0,Clear,2,35,37,registered
184,Fall,2011,Jul,0,Sunday,0,Misty,2282,2367,4649,Non Active,Spring,2011,Jan,22,0,Saturday,0,Clear,1,33,34,registered
185,Fall,2011,Jul,1,Monday,0,Misty,3065,2978,6043,Non Active,Spring,2011,Jan,23,0,Saturday,0,Clear,0,22,22,registered
186,Fall,2011,Jul,0,Tuesday,1,Clear,1031,3634,4665,Non Active,Spring,2011,Jan,0,0,Sunday,0,Clear,1,24,25,registered
187,Fall,2011,Jul,0,Wednesday,1,Clear,784,3845,4629,Non Active,Spring,2011,Jan,1,0,Sunday,0,Clear,0,12,12,registered
188,Fall,2011,Jul,0,Thursday,1,Clear,754,3838,4592,Non Active,Spring,2011,Jan,2,0,Sunday,0,Clear,0,11,11,registered
189,Fall,2011,Jul,0,Friday,1,Misty,692,3348,4040,Non Active,Spring,2011,Jan,3,0,Sunday,0,Clear,0,4,4,registered
190,Fall,2011,Jul,0,Saturday,0,Clear,1988,3348,5336,Non Active,Spring,2011,Jan,4,0,Sunday,0,Clear,0,1,1,registered
191,Fall,2011,Jul,0,Sunday,0,Clear,1743,3138,4881,Non Active,Spring,2011,Jan,5,0,Sunday,0,Clear,0,1,1,registered
192,Fall,2011,Jul,0,Monday,1,Clear,723,3363,4086,Non Active,Spring,2011,Jan,6,0,Sunday,0,Clear,0,1,1,registered
193,Fall,2011,Jul,0,Tuesday,1,Clear,662,3596,4258,Non Active,Spring,2011,Jan,7,0,Sunday,0,Clear,1,5,6,registered
194,Fall,2011,Jul,0,Wednesday,1,Clear,748,3594,4342,Non Active,Spring,2011,Jan,8,0,Sunday,0,Clear,0,10,10,registered
195,Fall,2011,Jul,0,Thursday,1,Clear,888,4196,5084,Non Active,Spring,2011,Jan,9,0,Sunday,0,Clear,0,19,19,registered
196,Fall,2011,Jul,0,Friday,1,Clear,1318,4220,5538,Non Active,Spring,2011,Jan,10,0,Sunday,0,Clear,0,49,49,registered
197,Fall,2011,Jul,0,Saturday,0,Clear,2418,3505,5923,Non Active,Spring,2011,Jan,11,0,Sunday,0,Clear,2,47,49,registered
198,Fall,2011,Jul,0,Sunday,0,Clear,2006,3296,5302,Non Active,Spring,2011,Jan,12,0,Sunday,0,Clear,4,79,83,registered
199,Fall,2011,Jul,0,Monday,1,Clear,841,3617,4458,Non Active,Spring,2011,Jan,13,0,Sunday,0,Clear,6,69,75,registered
200,Fall,2011,Jul,0,Tuesday,1,Clear,752,3789,4541,Non Active,Spring,2011,Jan,14,0,Sunday,0,Clear,8,64,72,registered
201,Fall,2011,Jul,0,Wednesday,1,Clear,644,3688,4332,Non Active,Spring,2011,Jan,15,0,Sunday,0,Clear,5,77,82,registered
202,Fall,2011,Jul,0,Thursday,1,Misty,632,3152,3784,Non Active,Spring,2011,Jan,16,0,Sunday,0,Clear,13,79,92,registered
203,Fall,2011,Jul,0,Friday,1,Clear,562,2825,3387,Non Active,Spring,2011,Jan,17,0,Sunday,0,Clear,3,59,62,registered
204,Fall,2011,Jul,0,Saturday,0,Clear,987,2298,3285,Non Active,Spring,2011,Jan,18,0,Sunday,0,Clear,4,44,48,registered
205,Fall,2011,Jul,0,Sunday,0,Clear,1050,2556,3606,Non Active,Spring,2011,Jan,19,0,Sunday,0,Clear,1,40,41,registered
206,Fall,2011,Jul,0,Monday,1,Clear,568,3272,3840,Non Active,Spring,2011,Jan,20,0,Sunday,0,Clear,0,38,38,registered
207,Fall,2011,Jul,0,Tuesday,1,Clear,750,3840,4590,Non Active,Spring,2011,Jan,21,0,Sunday,0,Clear,1,19,20,registered
208,Fall,2011,Jul,0,Wednesday,1,Clear,755,3901,4656,Non Active,Spring,2011,Jan,22,0,Sunday,0,Clear,5,10,15,registered
209,Fall,2011,Jul,0,Thursday,1,Clear,606,3784,4390,Non Active,Spring,2011,Jan,23,0,Sunday,0,Clear,0,6,6,registered
210,Fall,2011,Jul,0,Friday,1,Clear,670,3176,3846,Non Active,Spring,2011,Jan,0,0,Monday,1,Clear,2,3,5,registered
211,Fall,2011,Jul,0,Saturday,0,Clear,1559,2916,4475,Non Active,Spring,2011,Jan,1,0,Monday,1,Clear,1,0,1,registered
212,Fall,2011,Jul,0,Sunday,0,Clear,1524,2778,4302,Non Active,Spring,2011,Jan,2,0,Monday,1,Clear,0,3,3,registered
213,Fall,2011,Aug,0,Monday,1,Clear,729,3537,4266,Non Active,Spring,2011,Jan,3,0,Monday,1,Clear,0,1,1,registered
214,Fall,2011,Aug,0,Tuesday,1,Clear,801,4044,4845,Non Active,Spring,2011,Jan,4,0,Monday,1,Clear,1,2,3,registered
215,Fall,2011,Aug,0,Wednesday,1,Misty,467,3107,3574,Non Active,Spring,2011,Jan,5,0,Monday,1,Clear,0,3,3,registered
216,Fall,2011,Aug,0,Thursday,1,Misty,799,3777,4576,Non Active,Spring,2011,Jan,6,0,Monday,1,Clear,0,31,31,registered
217,Fall,2011,Aug,0,Friday,1,Clear,1023,3843,4866,Non Active,Spring,2011,Jan,7,0,Monday,1,Clear,2,75,77,registered
218,Fall,2011,Aug,0,Saturday,0,Misty,1521,2773,4294,Non Active,Spring,2011,Jan,8,0,Monday,1,Misty,4,184,188,registered
219,Fall,2011,Aug,0,Sunday,0,Clear,1298,2487,3785,Non Active,Spring,2011,Jan,9,0,Monday,1,Misty,2,92,94,registered
220,Fall,2011,Aug,0,Monday,1,Clear,846,3480,4326,Non Active,Spring,2011,Jan,10,0,Monday,1,Misty,0,31,31,registered
221,Fall,2011,Aug,0,Tuesday,1,Clear,907,3695,4602,Non Active,Spring,2011,Jan,11,0,Monday,1,Misty,2,28,30,registered
222,Fall,2011,Aug,0,Wednesday,1,Clear,884,3896,4780,Non Active,Spring,2011,Jan,12,0,Monday,1,Misty,5,47,52,registered
223,Fall,2011,Aug,0,Thursday,1,Clear,812,3980,4792,Non Active,Spring,2011,Jan,13,0,Monday,1,Misty,4,50,54,registered
224,Fall,2011,Aug,0,Friday,1,Clear,1051,3854,4905,Non Active,Spring,2011,Jan,14,0,Monday,1,Misty,0,47,47,registered
225,Fall,2011,Aug,0,Saturday,0,Misty,1504,2646,4150,Non Active,Spring,2011,Jan,15,0,Monday,1,Misty,2,43,45,registered
226,Fall,2011,Aug,0,Sunday,0,Misty,1338,2482,3820,Non Active,Spring,2011,Jan,16,0,Monday,1,Clear,4,70,74,registered
227,Fall,2011,Aug,0,Monday,1,Clear,775,3563,4338,Non Active,Spring,2011,Jan,17,0,Monday,1,Clear,4,174,178,registered
228,Fall,2011,Aug,0,Tuesday,1,Clear,721,4004,4725,Non Active,Spring,2011,Jan,18,0,Monday,1,Clear,1,154,155,registered
229,Fall,2011,Aug,0,Wednesday,1,Clear,668,4026,4694,Non Active,Spring,2011,Jan,19,0,Monday,1,Clear,3,92,95,registered
230,Fall,2011,Aug,0,Thursday,1,Clear,639,3166,3805,Non Active,Spring,2011,Jan,20,0,Monday,1,Clear,1,73,74,registered
231,Fall,2011,Aug,0,Friday,1,Misty,797,3356,4153,Non Active,Spring,2011,Jan,21,0,Monday,1,Clear,1,37,38,registered
232,Fall,2011,Aug,0,Saturday,0,Clear,1914,3277,5191,Non Active,Spring,2011,Jan,22,0,Monday,1,Clear,2,22,24,registered
233,Fall,2011,Aug,0,Sunday,0,Clear,1249,2624,3873,Non Active,Spring,2011,Jan,23,0,Monday,1,Clear,0,18,18,registered
234,Fall,2011,Aug,0,Monday,1,Clear,833,3925,4758,Non Active,Spring,2011,Jan,0,0,Tuesday,1,Clear,2,10,12,registered
235,Fall,2011,Aug,0,Tuesday,1,Clear,1281,4614,5895,Non Active,Spring,2011,Jan,1,0,Tuesday,1,Clear,0,3,3,registered
236,Fall,2011,Aug,0,Wednesday,1,Clear,949,4181,5130,Non Active,Spring,2011,Jan,2,0,Tuesday,1,Misty,0,3,3,registered
237,Fall,2011,Aug,0,Thursday,1,Misty,435,3107,3542,Non Active,Spring,2011,Jan,5,0,Tuesday,1,Misty,0,6,6,registered
238,Fall,2011,Aug,0,Friday,1,Clear,768,3893,4661,Non Active,Spring,2011,Jan,6,0,Tuesday,1,Misty,0,27,27,registered
239,Fall,2011,Aug,0,Saturday,0,Misty,226,889,1115,Non Active,Spring,2011,Jan,7,0,Tuesday,1,Misty,2,97,99,registered
240,Fall,2011,Aug,0,Sunday,0,Clear,1415,2919,4334,Non Active,Spring,2011,Jan,8,0,Tuesday,1,Misty,3,214,217,registered
241,Fall,2011,Aug,0,Monday,1,Clear,729,3905,4634,Non Active,Spring,2011,Jan,9,0,Tuesday,1,Misty,3,127,130,registered
242,Fall,2011,Aug,0,Tuesday,1,Clear,775,4429,5204,Non Active,Spring,2011,Jan,10,0,Tuesday,1,Misty,3,51,54,registered
243,Fall,2011,Aug,0,Wednesday,1,Clear,688,4370,5058,Non Active,Spring,2011,Jan,11,0,Tuesday,1,Misty,4,31,35,registered
244,Fall,2011,Sep,0,Thursday,1,Clear,783,4332,5115,Non Active,Spring,2011,Jan,12,0,Tuesday,1,Misty,2,55,57,registered
245,Fall,2011,Sep,0,Friday,1,Misty,875,3852,4727,Non Active,Spring,2011,Jan,13,0,Tuesday,1,Misty,6,46,52,registered
246,Fall,2011,Sep,0,Saturday,0,Clear,1935,2549,4484,Non Active,Spring,2011,Jan,14,0,Tuesday,1,Misty,3,60,63,registered
247,Fall,2011,Sep,0,Sunday,0,Clear,2521,2419,4940,Non Active,Spring,2011,Jan,15,0,Tuesday,1,Misty,2,45,47,registered
248,Fall,2011,Sep,1,Monday,0,Misty,1236,2115,3351,Non Active,Spring,2011,Jan,16,0,Tuesday,1,Misty,4,72,76,registered
249,Fall,2011,Sep,0,Tuesday,1,Light_RainSnow,204,2506,2710,Non Active,Spring,2011,Jan,17,0,Tuesday,1,Misty,6,130,136,registered
250,Fall,2011,Sep,0,Wednesday,1,Light_RainSnow,118,1878,1996,Non Active,Spring,2011,Jan,18,0,Tuesday,1,Light_RainSnow,1,94,95,registered
251,Fall,2011,Sep,0,Thursday,1,Light_RainSnow,153,1689,1842,Non Active,Spring,2011,Jan,19,0,Tuesday,1,Light_RainSnow,0,51,51,registered
252,Fall,2011,Sep,0,Friday,1,Misty,417,3127,3544,Non Active,Spring,2011,Jan,20,0,Tuesday,1,Light_RainSnow,0,32,32,registered
253,Fall,2011,Sep,0,Saturday,0,Clear,1750,3595,5345,Non Active,Spring,2011,Jan,21,0,Tuesday,1,Light_RainSnow,0,20,20,registered
254,Fall,2011,Sep,0,Sunday,0,Clear,1633,3413,5046,Non Active,Spring,2011,Jan,22,0,Tuesday,1,Light_RainSnow,1,28,29,registered
255,Fall,2011,Sep,0,Monday,1,Clear,690,4023,4713,Non Active,Spring,2011,Jan,23,0,Tuesday,1,Light_RainSnow,1,18,19,registered
256,Fall,2011,Sep,0,Tuesday,1,Clear,701,4062,4763,Non Active,Spring,2011,Jan,0,0,Wednesday,1,Misty,0,7,7,registered
257,Fall,2011,Sep,0,Wednesday,1,Clear,647,4138,4785,Non Active,Spring,2011,Jan,1,0,Wednesday,1,Misty,0,6,6,registered
258,Fall,2011,Sep,0,Thursday,1,Misty,428,3231,3659,Non Active,Spring,2011,Jan,2,0,Wednesday,1,Clear,0,1,1,registered
259,Fall,2011,Sep,0,Friday,1,Misty,742,4018,4760,Non Active,Spring,2011,Jan,5,0,Wednesday,1,Clear,0,5,5,registered
260,Fall,2011,Sep,0,Saturday,0,Misty,1434,3077,4511,Non Active,Spring,2011,Jan,6,0,Wednesday,1,Clear,0,16,16,registered
261,Fall,2011,Sep,0,Sunday,0,Clear,1353,2921,4274,Non Active,Spring,2011,Jan,7,0,Wednesday,1,Clear,0,54,54,registered
262,Fall,2011,Sep,0,Monday,1,Misty,691,3848,4539,Non Active,Spring,2011,Jan,8,0,Wednesday,1,Clear,3,125,128,registered
263,Fall,2011,Sep,0,Tuesday,1,Misty,438,3203,3641,Non Active,Spring,2011,Jan,9,0,Wednesday,1,Clear,3,78,81,registered
264,Fall,2011,Sep,0,Wednesday,1,Misty,539,3813,4352,Non Active,Spring,2011,Jan,10,0,Wednesday,1,Clear,0,39,39,registered
265,Fall,2011,Sep,0,Thursday,1,Misty,555,4240,4795,Non Active,Spring,2011,Jan,11,0,Wednesday,1,Clear,3,32,35,registered
266,Winter,2011,Sep,0,Friday,1,Misty,258,2137,2395,Non Active,Spring,2011,Jan,12,0,Wednesday,1,Clear,3,52,55,registered
267,Winter,2011,Sep,0,Saturday,0,Misty,1776,3647,5423,Non Active,Spring,2011,Jan,13,0,Wednesday,1,Clear,0,49,49,registered
268,Winter,2011,Sep,0,Sunday,0,Misty,1544,3466,5010,Non Active,Spring,2011,Jan,14,0,Wednesday,1,Clear,0,44,44,registered
269,Winter,2011,Sep,0,Monday,1,Misty,684,3946,4630,Non Active,Spring,2011,Jan,15,0,Wednesday,1,Clear,1,48,49,registered
270,Winter,2011,Sep,0,Tuesday,1,Misty,477,3643,4120,Non Active,Spring,2011,Jan,16,0,Wednesday,1,Clear,5,63,68,registered
271,Winter,2011,Sep,0,Wednesday,1,Misty,480,3427,3907,Non Active,Spring,2011,Jan,17,0,Wednesday,1,Clear,0,139,139,registered
272,Winter,2011,Sep,0,Thursday,1,Clear,653,4186,4839,Non Active,Spring,2011,Jan,18,0,Wednesday,1,Clear,2,135,137,registered
273,Winter,2011,Sep,0,Friday,1,Clear,830,4372,5202,Non Active,Spring,2011,Jan,19,0,Wednesday,1,Clear,1,82,83,registered
274,Winter,2011,Oct,0,Saturday,0,Misty,480,1949,2429,Non Active,Spring,2011,Jan,20,0,Wednesday,1,Clear,2,54,56,registered
275,Winter,2011,Oct,0,Sunday,0,Misty,616,2302,2918,Non Active,Spring,2011,Jan,21,0,Wednesday,1,Clear,0,57,57,registered
276,Winter,2011,Oct,0,Monday,1,Misty,330,3240,3570,Non Active,Spring,2011,Jan,22,0,Wednesday,1,Clear,1,32,33,registered
277,Winter,2011,Oct,0,Tuesday,1,Clear,486,3970,4456,Non Active,Spring,2011,Jan,23,0,Wednesday,1,Clear,1,19,20,registered
278,Winter,2011,Oct,0,Wednesday,1,Clear,559,4267,4826,Non Active,Spring,2011,Jan,0,0,Thursday,1,Clear,1,6,7,registered
279,Winter,2011,Oct,0,Thursday,1,Clear,639,4126,4765,Non Active,Spring,2011,Jan,1,0,Thursday,1,Clear,0,2,2,registered
280,Winter,2011,Oct,0,Friday,1,Clear,949,4036,4985,Non Active,Spring,2011,Jan,2,0,Thursday,1,Clear,0,2,2,registered
281,Winter,2011,Oct,0,Saturday,0,Clear,2235,3174,5409,Non Active,Spring,2011,Jan,3,0,Thursday,1,Clear,0,3,3,registered
282,Winter,2011,Oct,0,Sunday,0,Clear,2397,3114,5511,Non Active,Spring,2011,Jan,4,0,Thursday,1,Clear,0,4,4,registered
283,Winter,2011,Oct,1,Monday,0,Clear,1514,3603,5117,Non Active,Spring,2011,Jan,5,0,Thursday,1,Clear,0,3,3,registered
284,Winter,2011,Oct,0,Tuesday,1,Misty,667,3896,4563,Non Active,Spring,2011,Jan,6,0,Thursday,1,Clear,0,28,28,registered
285,Winter,2011,Oct,0,Wednesday,1,Light_RainSnow,217,2199,2416,Non Active,Spring,2011,Jan,7,0,Thursday,1,Clear,0,72,72,registered
286,Winter,2011,Oct,0,Thursday,1,Misty,290,2623,2913,Non Active,Spring,2011,Jan,8,0,Thursday,1,Clear,5,197,202,registered
287,Winter,2011,Oct,0,Friday,1,Misty,529,3115,3644,Non Active,Spring,2011,Jan,9,0,Thursday,1,Clear,2,137,139,registered
288,Winter,2011,Oct,0,Saturday,0,Clear,1899,3318,5217,Non Active,Spring,2011,Jan,10,0,Thursday,1,Misty,2,36,38,registered
289,Winter,2011,Oct,0,Sunday,0,Clear,1748,3293,5041,Non Active,Spring,2011,Jan,11,0,Thursday,1,Misty,4,33,37,registered
290,Winter,2011,Oct,0,Monday,1,Clear,713,3857,4570,Non Active,Spring,2011,Jan,12,0,Thursday,1,Clear,3,49,52,registered
291,Winter,2011,Oct,0,Tuesday,1,Misty,637,4111,4748,Non Active,Spring,2011,Jan,13,0,Thursday,1,Clear,2,81,83,registered
292,Winter,2011,Oct,0,Wednesday,1,Light_RainSnow,254,2170,2424,Non Active,Spring,2011,Jan,14,0,Thursday,1,Clear,3,39,42,registered
293,Winter,2011,Oct,0,Thursday,1,Clear,471,3724,4195,Non Active,Spring,2011,Jan,15,0,Thursday,1,Clear,5,55,60,registered
294,Winter,2011,Oct,0,Friday,1,Clear,676,3628,4304,Non Active,Spring,2011,Jan,16,0,Thursday,1,Clear,2,76,78,registered
295,Winter,2011,Oct,0,Saturday,0,Clear,1499,2809,4308,Non Active,Spring,2011,Jan,17,0,Thursday,1,Clear,4,158,162,registered
296,Winter,2011,Oct,0,Sunday,0,Clear,1619,2762,4381,Non Active,Spring,2011,Jan,18,0,Thursday,1,Clear,3,141,144,registered
297,Winter,2011,Oct,0,Monday,1,Clear,699,3488,4187,Non Active,Spring,2011,Jan,19,0,Thursday,1,Clear,1,98,99,registered
298,Winter,2011,Oct,0,Tuesday,1,Clear,695,3992,4687,Non Active,Spring,2011,Jan,20,0,Thursday,1,Clear,0,64,64,registered
299,Winter,2011,Oct,0,Wednesday,1,Misty,404,3490,3894,Non Active,Spring,2011,Jan,21,0,Thursday,1,Clear,0,40,40,registered
300,Winter,2011,Oct,0,Thursday,1,Misty,240,2419,2659,Non Active,Spring,2011,Jan,22,0,Thursday,1,Clear,0,30,30,registered
301,Winter,2011,Oct,0,Friday,1,Misty,456,3291,3747,Non Active,Spring,2011,Jan,23,0,Thursday,1,Clear,1,14,15,registered
302,Winter,2011,Oct,0,Saturday,0,Light_RainSnow,57,570,627,Non Active,Spring,2011,Jan,0,0,Friday,1,Clear,0,14,14,registered
303,Winter,2011,Oct,0,Sunday,0,Clear,885,2446,3331,Non Active,Spring,2011,Jan,1,0,Friday,1,Clear,0,5,5,registered
304,Winter,2011,Oct,0,Monday,1,Clear,362,3307,3669,Non Active,Spring,2011,Jan,2,0,Friday,1,Clear,0,1,1,registered
305,Winter,2011,Nov,0,Tuesday,1,Clear,410,3658,4068,Non Active,Spring,2011,Jan,3,0,Friday,1,Clear,0,1,1,registered
306,Winter,2011,Nov,0,Wednesday,1,Clear,370,3816,4186,Non Active,Spring,2011,Jan,5,0,Friday,1,Clear,0,8,8,registered
307,Winter,2011,Nov,0,Thursday,1,Clear,318,3656,3974,Non Active,Spring,2011,Jan,6,0,Friday,1,Clear,0,17,17,registered
308,Winter,2011,Nov,0,Friday,1,Misty,470,3576,4046,Non Active,Spring,2011,Jan,7,0,Friday,1,Clear,0,70,70,registered
309,Winter,2011,Nov,0,Saturday,0,Clear,1156,2770,3926,Non Active,Spring,2011,Jan,8,0,Friday,1,Clear,2,156,158,registered
310,Winter,2011,Nov,0,Sunday,0,Clear,952,2697,3649,Non Active,Spring,2011,Jan,9,0,Friday,1,Clear,0,117,117,registered
311,Winter,2011,Nov,0,Monday,1,Clear,373,3662,4035,Non Active,Spring,2011,Jan,10,0,Friday,1,Clear,4,40,44,registered
312,Winter,2011,Nov,0,Tuesday,1,Clear,376,3829,4205,Non Active,Spring,2011,Jan,11,0,Friday,1,Clear,6,47,53,registered
313,Winter,2011,Nov,0,Wednesday,1,Clear,305,3804,4109,Non Active,Spring,2011,Jan,12,0,Friday,1,Clear,2,59,61,registered
314,Winter,2011,Nov,0,Thursday,1,Misty,190,2743,2933,Non Active,Spring,2011,Jan,13,0,Friday,1,Clear,4,73,77,registered
315,Winter,2011,Nov,1,Friday,0,Clear,440,2928,3368,Non Active,Spring,2011,Jan,14,0,Friday,1,Clear,5,59,64,registered
316,Winter,2011,Nov,0,Saturday,0,Clear,1275,2792,4067,Non Active,Spring,2011,Jan,15,0,Friday,1,Clear,9,59,68,registered
317,Winter,2011,Nov,0,Sunday,0,Clear,1004,2713,3717,Non Active,Spring,2011,Jan,16,0,Friday,1,Clear,3,87,90,registered
318,Winter,2011,Nov,0,Monday,1,Clear,595,3891,4486,Non Active,Spring,2011,Jan,17,0,Friday,1,Clear,4,155,159,registered
319,Winter,2011,Nov,0,Tuesday,1,Misty,449,3746,4195,Non Active,Spring,2011,Jan,18,0,Friday,1,Clear,5,134,139,registered
320,Winter,2011,Nov,0,Wednesday,1,Light_RainSnow,145,1672,1817,Non Active,Spring,2011,Jan,19,0,Friday,1,Clear,3,89,92,registered
321,Winter,2011,Nov,0,Thursday,1,Misty,139,2914,3053,Non Active,Spring,2011,Jan,20,0,Friday,1,Clear,0,68,68,registered
322,Winter,2011,Nov,0,Friday,1,Clear,245,3147,3392,Non Active,Spring,2011,Jan,21,0,Friday,1,Clear,4,48,52,registered
323,Winter,2011,Nov,0,Saturday,0,Clear,943,2720,3663,Non Active,Spring,2011,Jan,22,0,Friday,1,Misty,2,34,36,registered
324,Winter,2011,Nov,0,Sunday,0,Misty,787,2733,3520,Non Active,Spring,2011,Jan,23,0,Friday,1,Misty,1,26,27,registered
325,Winter,2011,Nov,0,Monday,1,Light_RainSnow,220,2545,2765,Non Active,Spring,2011,Jan,0,0,Saturday,0,Clear,3,25,28,registered
326,Winter,2011,Nov,0,Tuesday,1,Light_RainSnow,69,1538,1607,Non Active,Spring,2011,Jan,1,0,Saturday,0,Misty,2,18,20,registered
327,Winter,2011,Nov,0,Wednesday,1,Misty,112,2454,2566,Non Active,Spring,2011,Jan,2,0,Saturday,0,Misty,0,12,12,registered
328,Winter,2011,Nov,1,Thursday,0,Clear,560,935,1495,Non Active,Spring,2011,Jan,3,0,Saturday,0,Misty,1,7,8,registered
329,Winter,2011,Nov,0,Friday,1,Clear,1095,1697,2792,Non Active,Spring,2011,Jan,4,0,Saturday,0,Misty,0,5,5,registered
330,Winter,2011,Nov,0,Saturday,0,Clear,1249,1819,3068,Non Active,Spring,2011,Jan,5,0,Saturday,0,Clear,0,1,1,registered
331,Winter,2011,Nov,0,Sunday,0,Clear,810,2261,3071,Non Active,Spring,2011,Jan,6,0,Saturday,0,Clear,1,2,3,registered
332,Winter,2011,Nov,0,Monday,1,Clear,253,3614,3867,Non Active,Spring,2011,Jan,7,0,Saturday,0,Clear,1,9,10,registered
333,Winter,2011,Nov,0,Tuesday,1,Misty,96,2818,2914,Non Active,Spring,2011,Jan,8,0,Saturday,0,Clear,1,22,23,registered
334,Winter,2011,Nov,0,Wednesday,1,Clear,188,3425,3613,Non Active,Spring,2011,Jan,9,0,Saturday,0,Clear,2,31,33,registered
335,Winter,2011,Des,0,Thursday,1,Clear,182,3545,3727,Non Active,Spring,2011,Jan,10,0,Saturday,0,Clear,2,57,59,registered
336,Winter,2011,Des,0,Friday,1,Clear,268,3672,3940,Non Active,Spring,2011,Jan,11,0,Saturday,0,Clear,18,54,72,registered
337,Winter,2011,Des,0,Saturday,0,Clear,706,2908,3614,Non Active,Spring,2011,Jan,12,0,Saturday,0,Clear,15,74,89,registered
338,Winter,2011,Des,0,Sunday,0,Clear,634,2851,3485,Non Active,Spring,2011,Jan,13,0,Saturday,0,Clear,21,80,101,registered
339,Winter,2011,Des,0,Monday,1,Misty,233,3578,3811,Non Active,Spring,2011,Jan,14,0,Saturday,0,Clear,26,92,118,registered
340,Winter,2011,Des,0,Tuesday,1,Light_RainSnow,126,2468,2594,Non Active,Spring,2011,Jan,15,0,Saturday,0,Misty,21,108,129,registered
341,Winter,2011,Des,0,Wednesday,1,Light_RainSnow,50,655,705,Non Active,Spring,2011,Jan,16,0,Saturday,0,Misty,33,95,128,registered
342,Winter,2011,Des,0,Thursday,1,Clear,150,3172,3322,Non Active,Spring,2011,Jan,17,0,Saturday,0,Misty,29,54,83,registered
343,Winter,2011,Des,0,Friday,1,Clear,261,3359,3620,Non Active,Spring,2011,Jan,18,0,Saturday,0,Misty,15,69,84,registered
344,Winter,2011,Des,0,Saturday,0,Clear,502,2688,3190,Non Active,Spring,2011,Jan,19,0,Saturday,0,Misty,14,60,74,registered
345,Winter,2011,Des,0,Sunday,0,Clear,377,2366,2743,Non Active,Spring,2011,Jan,20,0,Saturday,0,Misty,6,35,41,registered
346,Winter,2011,Des,0,Monday,1,Clear,143,3167,3310,Non Active,Spring,2011,Jan,21,0,Saturday,0,Misty,6,51,57,registered
347,Winter,2011,Des,0,Tuesday,1,Clear,155,3368,3523,Non Active,Spring,2011,Jan,22,0,Saturday,0,Misty,0,26,26,registered
348,Winter,2011,Des,0,Wednesday,1,Misty,178,3562,3740,Non Active,Spring,2011,Jan,23,0,Saturday,0,Clear,5,39,44,registered
349,Winter,2011,Des,0,Thursday,1,Misty,181,3528,3709,Non Active,Spring,2011,Jan,0,0,Sunday,0,Clear,6,33,39,registered
350,Winter,2011,Des,0,Friday,1,Misty,178,3399,3577,Non Active,Spring,2011,Jan,1,0,Sunday,0,Clear,4,19,23,registered
351,Winter,2011,Des,0,Saturday,0,Misty,275,2464,2739,Non Active,Spring,2011,Jan,2,0,Sunday,0,Clear,3,13,16,registered
352,Winter,2011,Des,0,Sunday,0,Clear,220,2211,2431,Non Active,Spring,2011,Jan,3,0,Sunday,0,Clear,9,6,15,registered
353,Winter,2011,Des,0,Monday,1,Clear,260,3143,3403,Non Active,Spring,2011,Jan,4,0,Sunday,0,Clear,0,1,1,registered
354,Winter,2011,Des,0,Tuesday,1,Misty,216,3534,3750,Non Active,Spring,2011,Jan,5,0,Sunday,0,Misty,1,1,2,registered
355,Spring,2011,Des,0,Wednesday,1,Misty,107,2553,2660,Non Active,Spring,2011,Jan,6,0,Sunday,0,Misty,0,1,1,registered
356,Spring,2011,Des,0,Thursday,1,Misty,227,2841,3068,Non Active,Spring,2011,Jan,7,0,Sunday,0,Misty,0,3,3,registered
357,Spring,2011,Des,0,Friday,1,Clear,163,2046,2209,Non Active,Spring,2011,Jan,8,0,Sunday,0,Clear,0,18,18,registered
358,Spring,2011,Des,0,Saturday,0,Clear,155,856,1011,Non Active,Spring,2011,Jan,9,0,Sunday,0,Clear,3,29,32,registered
359,Spring,2011,Des,0,Sunday,0,Clear,303,451,754,Non Active,Spring,2011,Jan,10,0,Sunday,0,Clear,8,71,79,registered
360,Spring,2011,Des,1,Monday,0,Clear,430,887,1317,Non Active,Spring,2011,Jan,11,0,Sunday,0,Clear,23,70,93,registered
361,Spring,2011,Des,0,Tuesday,1,Misty,103,1059,1162,Non Active,Spring,2011,Jan,12,0,Sunday,0,Clear,29,75,104,registered
362,Spring,2011,Des,0,Wednesday,1,Clear,255,2047,2302,Non Active,Spring,2011,Jan,13,0,Sunday,0,Clear,23,95,118,registered
363,Spring,2011,Des,0,Thursday,1,Clear,254,2169,2423,Non Active,Spring,2011,Jan,14,0,Sunday,0,Clear,22,69,91,registered
364,Spring,2011,Des,0,Friday,1,Clear,491,2508,2999,Non Active,Spring,2011,Jan,15,0,Sunday,0,Clear,35,78,113,registered
365,Spring,2011,Des,0,Saturday,0,Clear,665,1820,2485,Non Active,Spring,2011,Jan,16,0,Sunday,0,Clear,22,77,99,registered
366,Spring,2012,Jan,0,Sunday,0,Clear,686,1608,2294,Non Active,Spring,2011,Jan,17,0,Sunday,0,Clear,23,82,105,registered
367,Spring,2012,Jan,1,Monday,0,Clear,244,1707,1951,Non Active,Spring,2011,Jan,18,0,Sunday,0,Clear,11,56,67,registered
368,Spring,2012,Jan,0,Tuesday,1,Clear,89,2147,2236,Non Active,Spring,2011,Jan,19,0,Sunday,0,Clear,14,47,61,registered
369,Spring,2012,Jan,0,Wednesday,1,Misty,95,2273,2368,Non Active,Spring,2011,Jan,20,0,Sunday,0,Clear,7,50,57,registered
370,Spring,2012,Jan,0,Thursday,1,Clear,140,3132,3272,Non Active,Spring,2011,Jan,21,0,Sunday,0,Clear,6,22,28,registered
371,Spring,2012,Jan,0,Friday,1,Clear,307,3791,4098,Non Active,Spring,2011,Jan,22,0,Sunday,0,Misty,2,19,21,registered
372,Spring,2012,Jan,0,Saturday,0,Clear,1070,3451,4521,Non Active,Spring,2011,Jan,23,0,Sunday,0,Misty,0,18,18,registered
373,Spring,2012,Jan,0,Sunday,0,Clear,599,2826,3425,Non Active,Spring,2011,Jan,0,1,Monday,0,Misty,1,16,17,registered
374,Spring,2012,Jan,0,Monday,1,Misty,106,2270,2376,Non Active,Spring,2011,Jan,1,1,Monday,0,Misty,1,15,16,registered
375,Spring,2012,Jan,0,Tuesday,1,Clear,173,3425,3598,Non Active,Spring,2011,Jan,2,1,Monday,0,Misty,0,8,8,registered
376,Spring,2012,Jan,0,Wednesday,1,Misty,92,2085,2177,Non Active,Spring,2011,Jan,3,1,Monday,0,Misty,0,2,2,registered
377,Spring,2012,Jan,0,Thursday,1,Misty,269,3828,4097,Non Active,Spring,2011,Jan,4,1,Monday,0,Misty,1,2,3,registered
378,Spring,2012,Jan,0,Friday,1,Clear,174,3040,3214,Non Active,Spring,2011,Jan,5,1,Monday,0,Misty,0,1,1,registered
379,Spring,2012,Jan,0,Saturday,0,Clear,333,2160,2493,Non Active,Spring,2011,Jan,6,1,Monday,0,Misty,0,5,5,registered
380,Spring,2012,Jan,0,Sunday,0,Clear,284,2027,2311,Non Active,Spring,2011,Jan,7,1,Monday,0,Misty,4,9,13,registered
381,Spring,2012,Jan,1,Monday,0,Clear,217,2081,2298,Non Active,Spring,2011,Jan,8,1,Monday,0,Misty,3,30,33,registered
382,Spring,2012,Jan,0,Tuesday,1,Misty,127,2808,2935,Non Active,Spring,2011,Jan,9,1,Monday,0,Misty,8,39,47,registered
383,Spring,2012,Jan,0,Wednesday,1,Clear,109,3267,3376,Non Active,Spring,2011,Jan,10,1,Monday,0,Misty,7,50,57,registered
384,Spring,2012,Jan,0,Thursday,1,Clear,130,3162,3292,Non Active,Spring,2011,Jan,11,1,Monday,0,Misty,9,55,64,registered
385,Spring,2012,Jan,0,Friday,1,Misty,115,3048,3163,Non Active,Spring,2011,Jan,12,1,Monday,0,Misty,10,70,80,registered
386,Spring,2012,Jan,0,Saturday,0,Misty,67,1234,1301,Non Active,Spring,2011,Jan,13,1,Monday,0,Misty,13,80,93,registered
387,Spring,2012,Jan,0,Sunday,0,Misty,196,1781,1977,Non Active,Spring,2011,Jan,14,1,Monday,0,Misty,12,74,86,registered
388,Spring,2012,Jan,0,Monday,1,Misty,145,2287,2432,Non Active,Spring,2011,Jan,15,1,Monday,0,Misty,21,72,93,registered
389,Spring,2012,Jan,0,Tuesday,1,Clear,439,3900,4339,Non Active,Spring,2011,Jan,16,1,Monday,0,Misty,6,76,82,registered
390,Spring,2012,Jan,0,Wednesday,1,Clear,467,3803,4270,Non Active,Spring,2011,Jan,17,1,Monday,0,Clear,4,67,71,registered
391,Spring,2012,Jan,0,Thursday,1,Misty,244,3831,4075,Non Active,Spring,2011,Jan,18,1,Monday,0,Misty,7,85,92,registered
392,Spring,2012,Jan,0,Friday,1,Misty,269,3187,3456,Non Active,Spring,2011,Jan,19,1,Monday,0,Light_RainSnow,2,58,60,registered
393,Spring,2012,Jan,0,Saturday,0,Clear,775,3248,4023,Non Active,Spring,2011,Jan,20,1,Monday,0,Light_RainSnow,4,29,33,registered
394,Spring,2012,Jan,0,Sunday,0,Clear,558,2685,3243,Non Active,Spring,2011,Jan,21,1,Monday,0,Light_RainSnow,3,24,27,registered
395,Spring,2012,Jan,0,Monday,1,Clear,126,3498,3624,Non Active,Spring,2011,Jan,22,1,Monday,0,Light_RainSnow,0,13,13,registered
396,Spring,2012,Jan,0,Tuesday,1,Clear,324,4185,4509,Non Active,Spring,2011,Jan,23,1,Monday,0,Light_RainSnow,1,3,4,registered
397,Spring,2012,Feb,0,Wednesday,1,Clear,304,4275,4579,Non Active,Spring,2011,Jan,12,0,Tuesday,1,Misty,0,3,3,registered
398,Spring,2012,Feb,0,Thursday,1,Misty,190,3571,3761,Non Active,Spring,2011,Jan,13,0,Tuesday,1,Misty,0,22,22,registered
399,Spring,2012,Feb,0,Friday,1,Clear,310,3841,4151,Non Active,Spring,2011,Jan,14,0,Tuesday,1,Misty,2,26,28,registered
400,Spring,2012,Feb,0,Saturday,0,Misty,384,2448,2832,Non Active,Spring,2011,Jan,15,0,Tuesday,1,Misty,3,32,35,registered
401,Spring,2012,Feb,0,Sunday,0,Misty,318,2629,2947,Non Active,Spring,2011,Jan,16,0,Tuesday,1,Misty,0,61,61,registered
402,Spring,2012,Feb,0,Monday,1,Clear,206,3578,3784,Non Active,Spring,2011,Jan,17,0,Tuesday,1,Misty,1,124,125,registered
403,Spring,2012,Feb,0,Tuesday,1,Clear,199,4176,4375,Non Active,Spring,2011,Jan,18,0,Tuesday,1,Misty,1,132,133,registered
404,Spring,2012,Feb,0,Wednesday,1,Misty,109,2693,2802,Non Active,Spring,2011,Jan,19,0,Tuesday,1,Misty,1,98,99,registered
405,Spring,2012,Feb,0,Thursday,1,Clear,163,3667,3830,Non Active,Spring,2011,Jan,20,0,Tuesday,1,Misty,0,83,83,registered
406,Spring,2012,Feb,0,Friday,1,Misty,227,3604,3831,Non Active,Spring,2011,Jan,21,0,Tuesday,1,Misty,0,41,41,registered
407,Spring,2012,Feb,0,Saturday,0,Light_RainSnow,192,1977,2169,Non Active,Spring,2011,Jan,22,0,Tuesday,1,Misty,0,33,33,registered
408,Spring,2012,Feb,0,Sunday,0,Clear,73,1456,1529,Non Active,Spring,2011,Jan,23,0,Tuesday,1,Misty,1,19,20,registered
409,Spring,2012,Feb,0,Monday,1,Clear,94,3328,3422,Non Active,Spring,2011,Jan,0,0,Wednesday,1,Misty,0,3,3,registered
410,Spring,2012,Feb,0,Tuesday,1,Misty,135,3787,3922,Non Active,Spring,2011,Jan,1,0,Wednesday,1,Light_RainSnow,1,6,7,registered
411,Spring,2012,Feb,0,Wednesday,1,Clear,141,4028,4169,Non Active,Spring,2011,Jan,2,0,Wednesday,1,Light_RainSnow,0,3,3,registered
412,Spring,2012,Feb,0,Thursday,1,Misty,74,2931,3005,Non Active,Spring,2011,Jan,4,0,Wednesday,1,Light_RainSnow,1,1,2,registered
413,Spring,2012,Feb,0,Friday,1,Clear,349,3805,4154,Non Active,Spring,2011,Jan,5,0,Wednesday,1,Misty,0,7,7,registered
414,Spring,2012,Feb,0,Saturday,0,Clear,1435,2883,4318,Non Active,Spring,2011,Jan,6,0,Wednesday,1,Misty,0,32,32,registered
415,Spring,2012,Feb,0,Sunday,0,Misty,618,2071,2689,Non Active,Spring,2011,Jan,7,0,Wednesday,1,Misty,1,89,90,registered
416,Spring,2012,Feb,1,Monday,0,Clear,502,2627,3129,Active,Spring,2011,Jan,8,0,Wednesday,1,Misty,1,196,197,registered
417,Spring,2012,Feb,0,Tuesday,1,Clear,163,3614,3777,Non Active,Spring,2011,Jan,9,0,Wednesday,1,Misty,2,107,109,registered
418,Spring,2012,Feb,0,Wednesday,1,Clear,394,4379,4773,Non Active,Spring,2011,Jan,10,0,Wednesday,1,Misty,1,46,47,registered
419,Spring,2012,Feb,0,Thursday,1,Clear,516,4546,5062,Non Active,Spring,2011,Jan,11,0,Wednesday,1,Misty,5,47,52,registered
420,Spring,2012,Feb,0,Friday,1,Misty,246,3241,3487,Non Active,Spring,2011,Jan,12,0,Wednesday,1,Misty,5,65,70,registered
421,Spring,2012,Feb,0,Saturday,0,Clear,317,2415,2732,Non Active,Spring,2011,Jan,13,0,Wednesday,1,Clear,11,67,78,registered
422,Spring,2012,Feb,0,Sunday,0,Clear,515,2874,3389,Non Active,Spring,2011,Jan,14,0,Wednesday,1,Clear,7,68,75,registered
423,Spring,2012,Feb,0,Monday,1,Clear,253,4069,4322,Non Active,Spring,2011,Jan,15,0,Wednesday,1,Clear,4,78,82,registered
424,Spring,2012,Feb,0,Tuesday,1,Clear,229,4134,4363,Non Active,Spring,2011,Jan,16,0,Wednesday,1,Clear,10,94,104,registered
425,Spring,2012,Feb,0,Wednesday,1,Misty,65,1769,1834,Non Active,Spring,2011,Jan,17,0,Wednesday,1,Clear,7,190,197,registered
426,Spring,2012,Mar,0,Thursday,1,Clear,325,4665,4990,Non Active,Spring,2011,Jan,18,0,Wednesday,1,Clear,5,156,161,registered
427,Spring,2012,Mar,0,Friday,1,Misty,246,2948,3194,Non Active,Spring,2011,Jan,19,0,Wednesday,1,Clear,4,108,112,registered
428,Spring,2012,Mar,0,Saturday,0,Misty,956,3110,4066,Non Active,Spring,2011,Jan,20,0,Wednesday,1,Clear,2,74,76,registered
429,Spring,2012,Mar,0,Sunday,0,Clear,710,2713,3423,Non Active,Spring,2011,Jan,21,0,Wednesday,1,Clear,4,55,59,registered
430,Spring,2012,Mar,0,Monday,1,Clear,203,3130,3333,Non Active,Spring,2011,Jan,22,0,Wednesday,1,Clear,6,53,59,registered
431,Spring,2012,Mar,0,Tuesday,1,Clear,221,3735,3956,Non Active,Spring,2011,Jan,23,0,Wednesday,1,Clear,1,27,28,registered
432,Spring,2012,Mar,0,Wednesday,1,Clear,432,4484,4916,Active,Spring,2011,Jan,0,0,Thursday,1,Clear,5,8,13,registered
433,Spring,2012,Mar,0,Thursday,1,Clear,486,4896,5382,Non Active,Spring,2011,Jan,1,0,Thursday,1,Clear,2,3,5,registered
434,Spring,2012,Mar,0,Friday,1,Misty,447,4122,4569,Non Active,Spring,2011,Jan,2,0,Thursday,1,Clear,0,2,2,registered
435,Spring,2012,Mar,0,Saturday,0,Clear,968,3150,4118,Non Active,Spring,2011,Jan,3,0,Thursday,1,Clear,0,1,1,registered
436,Spring,2012,Mar,0,Sunday,0,Clear,1658,3253,4911,Non Active,Spring,2011,Jan,4,0,Thursday,1,Clear,0,1,1,registered
437,Spring,2012,Mar,0,Monday,1,Clear,838,4460,5298,Non Active,Spring,2011,Jan,5,0,Thursday,1,Clear,0,6,6,registered
438,Spring,2012,Mar,0,Tuesday,1,Clear,762,5085,5847,Non Active,Spring,2011,Jan,6,0,Thursday,1,Clear,0,35,35,registered
439,Spring,2012,Mar,0,Wednesday,1,Clear,997,5315,6312,Non Active,Spring,2011,Jan,7,0,Thursday,1,Clear,1,100,101,registered
440,Spring,2012,Mar,0,Thursday,1,Clear,1005,5187,6192,Non Active,Spring,2011,Jan,8,0,Thursday,1,Clear,2,247,249,registered
441,Spring,2012,Mar,0,Friday,1,Misty,548,3830,4378,Non Active,Spring,2011,Jan,9,0,Thursday,1,Misty,3,140,143,registered
442,Spring,2012,Mar,0,Saturday,0,Misty,3155,4681,7836,Non Active,Spring,2011,Jan,10,0,Thursday,1,Clear,1,56,57,registered
443,Spring,2012,Mar,0,Sunday,0,Misty,2207,3685,5892,Non Active,Spring,2011,Jan,11,0,Thursday,1,Misty,5,63,68,registered
444,Spring,2012,Mar,0,Monday,1,Clear,982,5171,6153,Non Active,Spring,2011,Jan,12,0,Thursday,1,Misty,7,77,84,registered
445,Spring,2012,Mar,0,Tuesday,1,Clear,1051,5042,6093,Non Active,Spring,2011,Jan,13,0,Thursday,1,Misty,12,86,98,registered
446,Summer,2012,Mar,0,Wednesday,1,Misty,1122,5108,6230,Non Active,Spring,2011,Jan,14,0,Thursday,1,Misty,6,75,81,registered
447,Summer,2012,Mar,0,Thursday,1,Clear,1334,5537,6871,Non Active,Spring,2011,Jan,15,0,Thursday,1,Misty,8,62,70,registered
448,Summer,2012,Mar,0,Friday,1,Misty,2469,5893,8362,Non Active,Spring,2011,Jan,16,0,Thursday,1,Misty,8,83,91,registered
449,Summer,2012,Mar,0,Saturday,0,Misty,1033,2339,3372,Non Active,Spring,2011,Jan,17,0,Thursday,1,Misty,8,207,215,registered
450,Summer,2012,Mar,0,Sunday,0,Misty,1532,3464,4996,Non Active,Spring,2011,Jan,18,0,Thursday,1,Misty,1,184,185,registered
451,Summer,2012,Mar,0,Monday,1,Clear,795,4763,5558,Active,Spring,2011,Jan,19,0,Thursday,1,Clear,6,146,152,registered
452,Summer,2012,Mar,0,Tuesday,1,Clear,531,4571,5102,Non Active,Spring,2011,Jan,20,0,Thursday,1,Misty,2,124,126,registered
453,Summer,2012,Mar,0,Wednesday,1,Clear,674,5024,5698,Non Active,Spring,2011,Jan,21,0,Thursday,1,Misty,3,54,57,registered
454,Summer,2012,Mar,0,Thursday,1,Clear,834,5299,6133,Non Active,Spring,2011,Jan,22,0,Thursday,1,Misty,0,56,56,registered
455,Summer,2012,Mar,0,Friday,1,Misty,796,4663,5459,Non Active,Spring,2011,Jan,23,0,Thursday,1,Misty,3,28,31,registered
456,Summer,2012,Mar,0,Saturday,0,Misty,2301,3934,6235,Non Active,Spring,2011,Jan,0,0,Friday,1,Misty,1,20,21,registered
457,Summer,2012,Apr,0,Sunday,0,Misty,2347,3694,6041,Non Active,Spring,2011,Jan,1,0,Friday,1,Misty,0,6,6,registered
458,Summer,2012,Apr,0,Monday,1,Clear,1208,4728,5936,Non Active,Spring,2011,Jan,2,0,Friday,1,Light_RainSnow,0,2,2,registered
459,Summer,2012,Apr,0,Tuesday,1,Clear,1348,5424,6772,Non Active,Spring,2011,Jan,3,0,Friday,1,Light_RainSnow,0,1,1,registered
460,Summer,2012,Apr,0,Wednesday,1,Clear,1058,5378,6436,Non Active,Spring,2011,Jan,4,0,Friday,1,Misty,0,1,1,registered
461,Summer,2012,Apr,0,Thursday,1,Clear,1192,5265,6457,Non Active,Spring,2011,Jan,5,0,Friday,1,Clear,1,4,5,registered
462,Summer,2012,Apr,0,Friday,1,Clear,1807,4653,6460,Non Active,Spring,2011,Jan,6,0,Friday,1,Clear,0,27,27,registered
463,Summer,2012,Apr,0,Saturday,0,Clear,3252,3605,6857,Non Active,Spring,2011,Jan,7,0,Friday,1,Clear,2,66,68,registered
464,Summer,2012,Apr,0,Sunday,0,Clear,2230,2939,5169,Non Active,Spring,2011,Jan,8,0,Friday,1,Clear,7,210,217,registered
465,Summer,2012,Apr,0,Monday,1,Clear,905,4680,5585,Non Active,Spring,2011,Jan,9,0,Friday,1,Clear,7,159,166,registered
466,Summer,2012,Apr,0,Tuesday,1,Clear,819,5099,5918,Non Active,Spring,2011,Jan,10,0,Friday,1,Clear,6,57,63,registered
467,Summer,2012,Apr,0,Wednesday,1,Clear,482,4380,4862,Non Active,Spring,2011,Jan,11,0,Friday,1,Clear,6,53,59,registered
468,Summer,2012,Apr,0,Thursday,1,Clear,663,4746,5409,Non Active,Spring,2011,Jan,12,0,Friday,1,Clear,11,67,78,registered
469,Summer,2012,Apr,0,Friday,1,Clear,1252,5146,6398,Non Active,Spring,2011,Jan,13,0,Friday,1,Clear,8,65,73,registered
470,Summer,2012,Apr,0,Saturday,0,Clear,2795,4665,7460,Non Active,Spring,2011,Jan,14,0,Friday,1,Clear,6,56,62,registered
471,Summer,2012,Apr,0,Sunday,0,Clear,2846,4286,7132,Non Active,Spring,2011,Jan,15,0,Friday,1,Clear,4,61,65,registered
472,Summer,2012,Apr,1,Monday,0,Clear,1198,5172,6370,Active,Spring,2011,Jan,16,0,Friday,1,Clear,0,97,97,registered
473,Summer,2012,Apr,0,Tuesday,1,Clear,989,5702,6691,Non Active,Spring,2011,Jan,17,0,Friday,1,Clear,10,151,161,registered
474,Summer,2012,Apr,0,Wednesday,1,Misty,347,4020,4367,Non Active,Spring,2011,Jan,18,0,Friday,1,Clear,1,119,120,registered
475,Summer,2012,Apr,0,Thursday,1,Clear,846,5719,6565,Non Active,Spring,2011,Jan,19,0,Friday,1,Clear,3,93,96,registered
476,Summer,2012,Apr,0,Friday,1,Clear,1340,5950,7290,Non Active,Spring,2011,Jan,20,0,Friday,1,Clear,1,52,53,registered
477,Summer,2012,Apr,0,Saturday,0,Clear,2541,4083,6624,Non Active,Spring,2011,Jan,21,0,Friday,1,Clear,0,41,41,registered
478,Summer,2012,Apr,0,Sunday,0,Light_RainSnow,120,907,1027,Non Active,Spring,2011,Jan,22,0,Friday,1,Clear,1,33,34,registered
479,Summer,2012,Apr,0,Monday,1,Misty,195,3019,3214,Non Active,Spring,2011,Jan,23,0,Friday,1,Clear,0,27,27,registered
480,Summer,2012,Apr,0,Tuesday,1,Clear,518,5115,5633,Non Active,Spring,2011,Jan,0,0,Saturday,0,Clear,0,13,13,registered
481,Summer,2012,Apr,0,Wednesday,1,Clear,655,5541,6196,Non Active,Spring,2011,Jan,1,0,Saturday,0,Misty,3,9,12,registered
482,Summer,2012,Apr,0,Thursday,1,Misty,475,4551,5026,Non Active,Spring,2011,Jan,2,0,Saturday,0,Misty,0,11,11,registered
483,Summer,2012,Apr,0,Friday,1,Clear,1014,5219,6233,Non Active,Spring,2011,Jan,3,0,Saturday,0,Misty,1,6,7,registered
484,Summer,2012,Apr,0,Saturday,0,Misty,1120,3100,4220,Non Active,Spring,2011,Jan,4,0,Saturday,0,Misty,0,3,3,registered
485,Summer,2012,Apr,0,Sunday,0,Clear,2229,4075,6304,Non Active,Spring,2011,Jan,6,0,Saturday,0,Misty,0,2,2,registered
486,Summer,2012,Apr,0,Monday,1,Misty,665,4907,5572,Non Active,Spring,2011,Jan,7,0,Saturday,0,Clear,0,8,8,registered
487,Summer,2012,May,0,Tuesday,1,Misty,653,5087,5740,Non Active,Spring,2011,Jan,8,0,Saturday,0,Clear,1,26,27,registered
488,Summer,2012,May,0,Wednesday,1,Clear,667,5502,6169,Non Active,Spring,2011,Jan,9,0,Saturday,0,Clear,3,37,40,registered
489,Summer,2012,May,0,Thursday,1,Misty,764,5657,6421,Non Active,Spring,2011,Jan,10,0,Saturday,0,Misty,3,50,53,registered
490,Summer,2012,May,0,Friday,1,Clear,1069,5227,6296,Non Active,Spring,2011,Jan,11,0,Saturday,0,Misty,4,59,63,registered
491,Summer,2012,May,0,Saturday,0,Misty,2496,4387,6883,Active,Spring,2011,Jan,12,0,Saturday,0,Misty,10,60,70,registered
492,Summer,2012,May,0,Sunday,0,Misty,2135,4224,6359,Non Active,Spring,2011,Jan,13,0,Saturday,0,Clear,12,72,84,registered
493,Summer,2012,May,0,Monday,1,Misty,1008,5265,6273,Non Active,Spring,2011,Jan,14,0,Saturday,0,Clear,11,64,75,registered
494,Summer,2012,May,0,Tuesday,1,Misty,738,4990,5728,Non Active,Spring,2011,Jan,15,0,Saturday,0,Clear,10,93,103,registered
495,Summer,2012,May,0,Wednesday,1,Misty,620,4097,4717,Non Active,Spring,2011,Jan,16,0,Saturday,0,Clear,11,72,83,registered
496,Summer,2012,May,0,Thursday,1,Clear,1026,5546,6572,Non Active,Spring,2011,Jan,17,0,Saturday,0,Clear,8,59,67,registered
497,Summer,2012,May,0,Friday,1,Clear,1319,5711,7030,Non Active,Spring,2011,Jan,18,0,Saturday,0,Clear,0,54,54,registered
498,Summer,2012,May,0,Saturday,0,Clear,2622,4807,7429,Non Active,Spring,2011,Jan,19,0,Saturday,0,Clear,6,53,59,registered
499,Summer,2012,May,0,Sunday,0,Clear,2172,3946,6118,Non Active,Spring,2011,Jan,20,0,Saturday,0,Clear,1,44,45,registered
500,Summer,2012,May,0,Monday,1,Misty,342,2501,2843,Non Active,Spring,2011,Jan,21,0,Saturday,0,Clear,0,39,39,registered
501,Summer,2012,May,0,Tuesday,1,Misty,625,4490,5115,Non Active,Spring,2011,Jan,22,0,Saturday,0,Clear,7,23,30,registered
502,Summer,2012,May,0,Wednesday,1,Clear,991,6433,7424,Non Active,Spring,2011,Jan,23,0,Saturday,0,Clear,2,31,33,registered
503,Summer,2012,May,0,Thursday,1,Clear,1242,6142,7384,Non Active,Spring,2011,Jan,0,0,Sunday,0,Clear,2,20,22,registered
504,Summer,2012,May,0,Friday,1,Clear,1521,6118,7639,Non Active,Spring,2011,Jan,1,0,Sunday,0,Clear,1,12,13,registered
505,Summer,2012,May,0,Saturday,0,Clear,3410,4884,8294,Non Active,Spring,2011,Jan,2,0,Sunday,0,Clear,3,15,18,registered
506,Summer,2012,May,0,Sunday,0,Clear,2704,4425,7129,Non Active,Spring,2011,Jan,3,0,Sunday,0,Clear,1,4,5,registered
507,Summer,2012,May,0,Monday,1,Misty,630,3729,4359,Non Active,Spring,2011,Jan,5,0,Sunday,0,Misty,0,3,3,registered
508,Summer,2012,May,0,Tuesday,1,Misty,819,5254,6073,Non Active,Spring,2011,Jan,6,0,Sunday,0,Misty,0,1,1,registered
509,Summer,2012,May,0,Wednesday,1,Misty,766,4494,5260,Non Active,Spring,2011,Jan,7,0,Sunday,0,Clear,1,1,2,registered
510,Summer,2012,May,0,Thursday,1,Clear,1059,5711,6770,Non Active,Spring,2011,Jan,8,0,Sunday,0,Clear,2,17,19,registered
511,Summer,2012,May,0,Friday,1,Clear,1417,5317,6734,Non Active,Spring,2011,Jan,9,0,Sunday,0,Clear,3,25,28,registered
512,Summer,2012,May,0,Saturday,0,Clear,2855,3681,6536,Non Active,Spring,2011,Jan,10,0,Sunday,0,Clear,7,51,58,registered
513,Summer,2012,May,0,Sunday,0,Clear,3283,3308,6591,Non Active,Spring,2011,Jan,11,0,Sunday,0,Clear,22,77,99,registered
514,Summer,2012,May,1,Monday,0,Clear,2557,3486,6043,Non Active,Spring,2011,Jan,12,0,Sunday,0,Clear,24,92,116,registered
515,Summer,2012,May,0,Tuesday,1,Clear,880,4863,5743,Non Active,Spring,2011,Jan,13,0,Sunday,0,Clear,12,75,87,registered
516,Summer,2012,May,0,Wednesday,1,Misty,745,6110,6855,Non Active,Spring,2011,Jan,14,0,Sunday,0,Clear,17,93,110,registered
517,Summer,2012,May,0,Thursday,1,Clear,1100,6238,7338,Non Active,Spring,2011,Jan,15,0,Sunday,0,Clear,13,64,77,registered
518,Summer,2012,Jun,0,Friday,1,Misty,533,3594,4127,Non Active,Spring,2011,Jan,16,0,Sunday,0,Clear,9,56,65,registered
519,Summer,2012,Jun,0,Saturday,0,Clear,2795,5325,8120,Non Active,Spring,2011,Jan,17,0,Sunday,0,Clear,5,50,55,registered
520,Summer,2012,Jun,0,Sunday,0,Clear,2494,5147,7641,Non Active,Spring,2011,Jan,18,0,Sunday,0,Clear,5,44,49,registered
521,Summer,2012,Jun,0,Monday,1,Clear,1071,5927,6998,Non Active,Spring,2011,Jan,19,0,Sunday,0,Clear,5,45,50,registered
522,Summer,2012,Jun,0,Tuesday,1,Misty,968,6033,7001,Non Active,Spring,2011,Jan,20,0,Sunday,0,Clear,4,31,35,registered
523,Summer,2012,Jun,0,Wednesday,1,Clear,1027,6028,7055,Non Active,Spring,2011,Jan,21,0,Sunday,0,Clear,5,20,25,registered
524,Summer,2012,Jun,0,Thursday,1,Clear,1038,6456,7494,Non Active,Spring,2011,Jan,22,0,Sunday,0,Clear,5,23,28,registered
525,Summer,2012,Jun,0,Friday,1,Clear,1488,6248,7736,Non Active,Spring,2011,Jan,23,0,Sunday,0,Clear,4,17,21,registered
526,Summer,2012,Jun,0,Saturday,0,Clear,2708,4790,7498,Non Active,Spring,2011,Jan,0,0,Monday,1,Clear,0,7,7,registered
527,Summer,2012,Jun,0,Sunday,0,Clear,2224,4374,6598,Non Active,Spring,2011,Jan,1,0,Monday,1,Clear,0,1,1,registered
528,Summer,2012,Jun,0,Monday,1,Misty,1017,5647,6664,Non Active,Spring,2011,Jan,3,0,Monday,1,Clear,0,1,1,registered
529,Summer,2012,Jun,0,Tuesday,1,Misty,477,4495,4972,Non Active,Spring,2011,Jan,4,0,Monday,1,Clear,0,1,1,registered
530,Summer,2012,Jun,0,Wednesday,1,Clear,1173,6248,7421,Non Active,Spring,2011,Jan,5,0,Monday,1,Clear,0,5,5,registered
531,Summer,2012,Jun,0,Thursday,1,Clear,1180,6183,7363,Non Active,Spring,2011,Jan,6,0,Monday,1,Clear,0,15,15,registered
532,Summer,2012,Jun,0,Friday,1,Clear,1563,6102,7665,Non Active,Spring,2011,Jan,7,0,Monday,1,Clear,5,79,84,registered
533,Summer,2012,Jun,0,Saturday,0,Clear,2963,4739,7702,Non Active,Spring,2011,Jan,8,0,Monday,1,Clear,6,171,177,registered
534,Summer,2012,Jun,0,Sunday,0,Clear,2634,4344,6978,Non Active,Spring,2011,Jan,9,0,Monday,1,Clear,4,98,102,registered
535,Summer,2012,Jun,0,Monday,1,Misty,653,4446,5099,Non Active,Spring,2011,Jan,10,0,Monday,1,Clear,6,34,40,registered
536,Summer,2012,Jun,0,Tuesday,1,Clear,968,5857,6825,Non Active,Spring,2011,Jan,11,0,Monday,1,Clear,3,43,46,registered
537,Summer,2012,Jun,0,Wednesday,1,Clear,872,5339,6211,Non Active,Spring,2011,Jan,12,0,Monday,1,Misty,11,52,63,registered
538,Fall,2012,Jun,0,Thursday,1,Clear,778,5127,5905,Non Active,Spring,2011,Jan,13,0,Monday,1,Misty,6,54,60,registered
539,Fall,2012,Jun,0,Friday,1,Clear,964,4859,5823,Non Active,Spring,2011,Jan,14,0,Monday,1,Misty,2,43,45,registered
540,Fall,2012,Jun,0,Saturday,0,Clear,2657,4801,7458,Non Active,Spring,2011,Jan,15,0,Monday,1,Clear,7,50,57,registered
541,Fall,2012,Jun,0,Sunday,0,Clear,2551,4340,6891,Non Active,Spring,2011,Jan,16,0,Monday,1,Clear,4,66,70,registered
542,Fall,2012,Jun,0,Monday,1,Clear,1139,5640,6779,Non Active,Spring,2011,Jan,17,0,Monday,1,Clear,6,178,184,registered
543,Fall,2012,Jun,0,Tuesday,1,Clear,1077,6365,7442,Non Active,Spring,2011,Jan,18,0,Monday,1,Clear,8,145,153,registered
544,Fall,2012,Jun,0,Wednesday,1,Clear,1077,6258,7335,Non Active,Spring,2011,Jan,19,0,Monday,1,Clear,5,101,106,registered
545,Fall,2012,Jun,0,Thursday,1,Clear,921,5958,6879,Non Active,Spring,2011,Jan,20,0,Monday,1,Clear,1,80,81,registered
546,Fall,2012,Jun,0,Friday,1,Clear,829,4634,5463,Non Active,Spring,2011,Jan,21,0,Monday,1,Clear,6,53,59,registered
547,Fall,2012,Jun,0,Saturday,0,Clear,1455,4232,5687,Non Active,Spring,2011,Jan,22,0,Monday,1,Misty,3,32,35,registered
548,Fall,2012,Jul,0,Sunday,0,Clear,1421,4110,5531,Non Active,Spring,2011,Jan,23,0,Monday,1,Misty,3,21,24,registered
549,Fall,2012,Jul,0,Monday,1,Clear,904,5323,6227,Non Active,Spring,2011,Jan,0,0,Tuesday,1,Misty,3,6,9,registered
550,Fall,2012,Jul,0,Tuesday,1,Clear,1052,5608,6660,Non Active,Spring,2011,Jan,1,0,Tuesday,1,Misty,0,5,5,registered
551,Fall,2012,Jul,1,Wednesday,0,Clear,2562,4841,7403,Non Active,Spring,2011,Jan,2,0,Tuesday,1,Clear,0,2,2,registered
552,Fall,2012,Jul,0,Thursday,1,Clear,1405,4836,6241,Non Active,Spring,2011,Jan,4,0,Tuesday,1,Clear,0,1,1,registered
553,Fall,2012,Jul,0,Friday,1,Clear,1366,4841,6207,Non Active,Spring,2011,Jan,5,0,Tuesday,1,Clear,0,9,9,registered
554,Fall,2012,Jul,0,Saturday,0,Clear,1448,3392,4840,Non Active,Spring,2011,Jan,6,0,Tuesday,1,Clear,1,35,36,registered
555,Fall,2012,Jul,0,Sunday,0,Clear,1203,3469,4672,Non Active,Spring,2011,Jan,7,0,Tuesday,1,Clear,5,103,108,registered
556,Fall,2012,Jul,0,Monday,1,Misty,998,5571,6569,Non Active,Spring,2011,Jan,8,0,Tuesday,1,Misty,5,233,238,registered
557,Fall,2012,Jul,0,Tuesday,1,Misty,954,5336,6290,Non Active,Spring,2011,Jan,9,0,Tuesday,1,Misty,10,134,144,registered
558,Fall,2012,Jul,0,Wednesday,1,Clear,975,6289,7264,Non Active,Spring,2011,Jan,10,0,Tuesday,1,Misty,6,49,55,registered
559,Fall,2012,Jul,0,Thursday,1,Clear,1032,6414,7446,Non Active,Spring,2011,Jan,11,0,Tuesday,1,Misty,6,55,61,registered
560,Fall,2012,Jul,0,Friday,1,Misty,1511,5988,7499,Non Active,Spring,2011,Jan,12,0,Tuesday,1,Misty,21,85,106,registered
561,Fall,2012,Jul,0,Saturday,0,Misty,2355,4614,6969,Non Active,Spring,2011,Jan,13,0,Tuesday,1,Misty,21,72,93,registered
562,Fall,2012,Jul,0,Sunday,0,Clear,1920,4111,6031,Non Active,Spring,2011,Jan,14,0,Tuesday,1,Misty,11,57,68,registered
563,Fall,2012,Jul,0,Monday,1,Clear,1088,5742,6830,Non Active,Spring,2011,Jan,15,0,Tuesday,1,Misty,21,63,84,registered
564,Fall,2012,Jul,0,Tuesday,1,Clear,921,5865,6786,Non Active,Spring,2011,Jan,16,0,Tuesday,1,Misty,14,102,116,registered
565,Fall,2012,Jul,0,Wednesday,1,Clear,799,4914,5713,Non Active,Spring,2011,Jan,17,0,Tuesday,1,Clear,14,208,222,registered
566,Fall,2012,Jul,0,Thursday,1,Clear,888,5703,6591,Non Active,Spring,2011,Jan,18,0,Tuesday,1,Misty,7,218,225,registered
567,Fall,2012,Jul,0,Friday,1,Misty,747,5123,5870,Non Active,Spring,2011,Jan,19,0,Tuesday,1,Misty,13,133,146,registered
568,Fall,2012,Jul,0,Saturday,0,Light_RainSnow,1264,3195,4459,Non Active,Spring,2011,Jan,20,0,Tuesday,1,Clear,16,103,119,registered
569,Fall,2012,Jul,0,Sunday,0,Misty,2544,4866,7410,Non Active,Spring,2011,Jan,21,0,Tuesday,1,Clear,5,40,45,registered
570,Fall,2012,Jul,0,Monday,1,Clear,1135,5831,6966,Active,Spring,2011,Jan,22,0,Tuesday,1,Clear,4,49,53,registered
571,Fall,2012,Jul,0,Tuesday,1,Clear,1140,6452,7592,Non Active,Spring,2011,Jan,23,0,Tuesday,1,Misty,3,37,40,registered
572,Fall,2012,Jul,0,Wednesday,1,Clear,1383,6790,8173,Non Active,Spring,2011,Jan,0,0,Wednesday,1,Misty,3,14,17,registered
573,Fall,2012,Jul,0,Thursday,1,Clear,1036,5825,6861,Active,Spring,2011,Jan,1,0,Wednesday,1,Misty,0,5,5,registered
574,Fall,2012,Jul,0,Friday,1,Clear,1259,5645,6904,Non Active,Spring,2011,Jan,2,0,Wednesday,1,Light_RainSnow,3,7,10,registered
575,Fall,2012,Jul,0,Saturday,0,Clear,2234,4451,6685,Non Active,Spring,2011,Jan,5,0,Wednesday,1,Light_RainSnow,0,1,1,registered
576,Fall,2012,Jul,0,Sunday,0,Clear,2153,4444,6597,Non Active,Spring,2011,Jan,6,0,Wednesday,1,Light_RainSnow,0,8,8,registered
577,Fall,2012,Jul,0,Monday,1,Clear,1040,6065,7105,Active,Spring,2011,Jan,7,0,Wednesday,1,Light_RainSnow,1,29,30,registered
578,Fall,2012,Jul,0,Tuesday,1,Clear,968,6248,7216,Non Active,Spring,2011,Jan,8,0,Wednesday,1,Light_RainSnow,3,69,72,registered
579,Fall,2012,Aug,0,Wednesday,1,Clear,1074,6506,7580,Non Active,Spring,2011,Jan,9,0,Wednesday,1,Light_RainSnow,3,55,58,registered
580,Fall,2012,Aug,0,Thursday,1,Clear,983,6278,7261,Non Active,Spring,2011,Jan,10,0,Wednesday,1,Light_RainSnow,2,26,28,registered
581,Fall,2012,Aug,0,Friday,1,Misty,1328,5847,7175,Non Active,Spring,2011,Jan,11,0,Wednesday,1,Light_RainSnow,6,35,41,registered
582,Fall,2012,Aug,0,Saturday,0,Clear,2345,4479,6824,Non Active,Spring,2011,Jan,12,0,Wednesday,1,Light_RainSnow,7,41,48,registered
583,Fall,2012,Aug,0,Sunday,0,Clear,1707,3757,5464,Non Active,Spring,2011,Jan,13,0,Wednesday,1,Light_RainSnow,4,43,47,registered
584,Fall,2012,Aug,0,Monday,1,Misty,1233,5780,7013,Non Active,Spring,2011,Jan,14,0,Wednesday,1,Light_RainSnow,0,36,36,registered
585,Fall,2012,Aug,0,Tuesday,1,Misty,1278,5995,7273,Non Active,Spring,2011,Jan,15,0,Wednesday,1,Light_RainSnow,1,42,43,registered
586,Fall,2012,Aug,0,Wednesday,1,Misty,1263,6271,7534,Non Active,Spring,2011,Jan,16,0,Wednesday,1,Heavy_RainSnow,1,35,36,registered
587,Fall,2012,Aug,0,Thursday,1,Clear,1196,6090,7286,Non Active,Spring,2011,Jan,17,0,Wednesday,1,Light_RainSnow,0,26,26,registered
588,Fall,2012,Aug,0,Friday,1,Misty,1065,4721,5786,Non Active,Spring,2011,Jan,16,0,Thursday,1,Clear,1,23,24,registered
589,Fall,2012,Aug,0,Saturday,0,Misty,2247,4052,6299,Non Active,Spring,2011,Jan,17,0,Thursday,1,Clear,2,82,84,registered
590,Fall,2012,Aug,0,Sunday,0,Clear,2182,4362,6544,Non Active,Spring,2011,Jan,18,0,Thursday,1,Clear,3,101,104,registered
591,Fall,2012,Aug,0,Monday,1,Clear,1207,5676,6883,Non Active,Spring,2011,Jan,19,0,Thursday,1,Clear,3,76,79,registered
592,Fall,2012,Aug,0,Tuesday,1,Clear,1128,5656,6784,Non Active,Spring,2011,Jan,20,0,Thursday,1,Clear,4,55,59,registered
593,Fall,2012,Aug,0,Wednesday,1,Clear,1198,6149,7347,Non Active,Spring,2011,Jan,21,0,Thursday,1,Clear,2,36,38,registered
594,Fall,2012,Aug,0,Thursday,1,Clear,1338,6267,7605,Non Active,Spring,2011,Jan,22,0,Thursday,1,Clear,0,27,27,registered
595,Fall,2012,Aug,0,Friday,1,Clear,1483,5665,7148,Non Active,Spring,2011,Jan,23,0,Thursday,1,Clear,0,16,16,registered
596,Fall,2012,Aug,0,Saturday,0,Clear,2827,5038,7865,Non Active,Spring,2011,Jan,0,0,Friday,1,Misty,0,9,9,registered
597,Fall,2012,Aug,0,Sunday,0,Misty,1208,3341,4549,Non Active,Spring,2011,Jan,1,0,Friday,1,Misty,1,2,3,registered
598,Fall,2012,Aug,0,Monday,1,Misty,1026,5504,6530,Non Active,Spring,2011,Jan,2,0,Friday,1,Misty,0,2,2,registered
599,Fall,2012,Aug,0,Tuesday,1,Clear,1081,5925,7006,Non Active,Spring,2011,Jan,3,0,Friday,1,Misty,1,0,1,registered
600,Fall,2012,Aug,0,Wednesday,1,Clear,1094,6281,7375,Non Active,Spring,2011,Jan,5,0,Friday,1,Misty,0,4,4,registered
601,Fall,2012,Aug,0,Thursday,1,Clear,1363,6402,7765,Non Active,Spring,2011,Jan,6,0,Friday,1,Misty,0,16,16,registered
602,Fall,2012,Aug,0,Friday,1,Misty,1325,6257,7582,Non Active,Spring,2011,Jan,7,0,Friday,1,Misty,2,58,60,registered
603,Fall,2012,Aug,0,Saturday,0,Misty,1829,4224,6053,Non Active,Spring,2011,Jan,8,0,Friday,1,Misty,2,155,157,registered
604,Fall,2012,Aug,0,Sunday,0,Misty,1483,3772,5255,Non Active,Spring,2011,Jan,9,0,Friday,1,Light_RainSnow,6,95,101,registered
605,Fall,2012,Aug,0,Monday,1,Clear,989,5928,6917,Non Active,Spring,2011,Jan,10,0,Friday,1,Light_RainSnow,0,49,49,registered
606,Fall,2012,Aug,0,Tuesday,1,Clear,935,6105,7040,Non Active,Spring,2011,Jan,11,0,Friday,1,Light_RainSnow,0,30,30,registered
607,Fall,2012,Aug,0,Wednesday,1,Clear,1177,6520,7697,Non Active,Spring,2011,Jan,12,0,Friday,1,Light_RainSnow,1,28,29,registered
608,Fall,2012,Aug,0,Thursday,1,Clear,1172,6541,7713,Non Active,Spring,2011,Jan,13,0,Friday,1,Light_RainSnow,0,31,31,registered
609,Fall,2012,Aug,0,Friday,1,Clear,1433,5917,7350,Non Active,Spring,2011,Jan,14,0,Friday,1,Light_RainSnow,2,36,38,registered
610,Fall,2012,Sep,0,Saturday,0,Misty,2352,3788,6140,Non Active,Spring,2011,Jan,15,0,Friday,1,Misty,1,40,41,registered
611,Fall,2012,Sep,0,Sunday,0,Misty,2613,3197,5810,Non Active,Spring,2011,Jan,16,0,Friday,1,Clear,10,70,80,registered
612,Fall,2012,Sep,1,Monday,0,Clear,1965,4069,6034,Non Active,Spring,2011,Jan,17,0,Friday,1,Clear,2,147,149,registered
613,Fall,2012,Sep,0,Tuesday,1,Clear,867,5997,6864,Non Active,Spring,2011,Jan,18,0,Friday,1,Clear,2,107,109,registered
614,Fall,2012,Sep,0,Wednesday,1,Clear,832,6280,7112,Non Active,Spring,2011,Jan,19,0,Friday,1,Misty,5,84,89,registered
615,Fall,2012,Sep,0,Thursday,1,Misty,611,5592,6203,Non Active,Spring,2011,Jan,20,0,Friday,1,Misty,1,61,62,registered
616,Fall,2012,Sep,0,Friday,1,Clear,1045,6459,7504,Non Active,Spring,2011,Jan,21,0,Friday,1,Misty,1,57,58,registered
617,Fall,2012,Sep,0,Saturday,0,Misty,1557,4419,5976,Non Active,Spring,2011,Jan,22,0,Friday,1,Clear,0,26,26,registered
618,Fall,2012,Sep,0,Sunday,0,Clear,2570,5657,8227,Non Active,Spring,2011,Jan,23,0,Friday,1,Clear,1,22,23,registered
619,Fall,2012,Sep,0,Monday,1,Clear,1118,6407,7525,Non Active,Spring,2011,Jan,0,0,Saturday,0,Clear,2,26,28,registered
620,Fall,2012,Sep,0,Tuesday,1,Clear,1070,6697,7767,Non Active,Spring,2011,Jan,1,0,Saturday,0,Clear,0,20,20,registered
621,Fall,2012,Sep,0,Wednesday,1,Clear,1050,6820,7870,Non Active,Spring,2011,Jan,2,0,Saturday,0,Clear,0,15,15,registered
622,Fall,2012,Sep,0,Thursday,1,Clear,1054,6750,7804,Non Active,Spring,2011,Jan,3,0,Saturday,0,Clear,3,5,8,registered
623,Fall,2012,Sep,0,Friday,1,Clear,1379,6630,8009,Non Active,Spring,2011,Jan,4,0,Saturday,0,Clear,1,2,3,registered
624,Fall,2012,Sep,0,Saturday,0,Clear,3160,5554,8714,Non Active,Spring,2011,Jan,6,0,Saturday,0,Clear,0,2,2,registered
625,Fall,2012,Sep,0,Sunday,0,Clear,2166,5167,7333,Non Active,Spring,2011,Jan,7,0,Saturday,0,Clear,1,4,5,registered
626,Fall,2012,Sep,0,Monday,1,Misty,1022,5847,6869,Non Active,Spring,2011,Jan,8,0,Saturday,0,Clear,3,31,34,registered
627,Fall,2012,Sep,0,Tuesday,1,Misty,371,3702,4073,Non Active,Spring,2011,Jan,9,0,Saturday,0,Clear,0,34,34,registered
628,Fall,2012,Sep,0,Wednesday,1,Clear,788,6803,7591,Non Active,Spring,2011,Jan,10,0,Saturday,0,Misty,4,51,55,registered
629,Fall,2012,Sep,0,Thursday,1,Clear,939,6781,7720,Non Active,Spring,2011,Jan,11,0,Saturday,0,Misty,4,60,64,registered
630,Fall,2012,Sep,0,Friday,1,Clear,1250,6917,8167,Non Active,Spring,2011,Jan,12,0,Saturday,0,Misty,12,66,78,registered
631,Fall,2012,Sep,0,Saturday,0,Clear,2512,5883,8395,Non Active,Spring,2011,Jan,13,0,Saturday,0,Misty,9,56,65,registered
632,Winter,2012,Sep,0,Sunday,0,Clear,2454,5453,7907,Non Active,Spring,2011,Jan,14,0,Saturday,0,Misty,10,89,99,registered
633,Winter,2012,Sep,0,Monday,1,Clear,1001,6435,7436,Non Active,Spring,2011,Jan,15,0,Saturday,0,Clear,22,98,120,registered
634,Winter,2012,Sep,0,Tuesday,1,Clear,845,6693,7538,Non Active,Spring,2011,Jan,16,0,Saturday,0,Clear,19,88,107,registered
635,Winter,2012,Sep,0,Wednesday,1,Clear,787,6946,7733,Non Active,Spring,2011,Jan,17,0,Saturday,0,Clear,9,82,91,registered
636,Winter,2012,Sep,0,Thursday,1,Misty,751,6642,7393,Non Active,Spring,2011,Jan,18,0,Saturday,0,Clear,9,59,68,registered
637,Winter,2012,Sep,0,Friday,1,Misty,1045,6370,7415,Non Active,Spring,2011,Jan,19,0,Saturday,0,Misty,6,52,58,registered
638,Winter,2012,Sep,0,Saturday,0,Clear,2589,5966,8555,Non Active,Spring,2011,Jan,20,0,Saturday,0,Clear,1,42,43,registered
639,Winter,2012,Sep,0,Sunday,0,Clear,2015,4874,6889,Non Active,Spring,2011,Jan,21,0,Saturday,0,Clear,1,35,36,registered
640,Winter,2012,Oct,0,Monday,1,Misty,763,6015,6778,Non Active,Spring,2011,Jan,22,0,Saturday,0,Clear,4,28,32,registered
641,Winter,2012,Oct,0,Tuesday,1,Light_RainSnow,315,4324,4639,Non Active,Spring,2011,Jan,23,0,Saturday,0,Clear,3,30,33,registered
642,Winter,2012,Oct,0,Wednesday,1,Misty,728,6844,7572,Non Active,Spring,2011,Jan,0,0,Sunday,0,Clear,0,33,33,registered
643,Winter,2012,Oct,0,Thursday,1,Misty,891,6437,7328,Non Active,Spring,2011,Jan,1,0,Sunday,0,Clear,7,22,29,registered
644,Winter,2012,Oct,0,Friday,1,Clear,1516,6640,8156,Non Active,Spring,2011,Jan,2,0,Sunday,0,Clear,1,10,11,registered
645,Winter,2012,Oct,0,Saturday,0,Clear,3031,4934,7965,Non Active,Spring,2011,Jan,3,0,Sunday,0,Clear,1,7,8,registered
646,Winter,2012,Oct,0,Sunday,0,Misty,781,2729,3510,Non Active,Spring,2011,Jan,4,0,Sunday,0,Clear,0,1,1,registered
647,Winter,2012,Oct,1,Monday,0,Misty,874,4604,5478,Non Active,Spring,2011,Jan,5,0,Sunday,0,Clear,0,3,3,registered
648,Winter,2012,Oct,0,Tuesday,1,Misty,601,5791,6392,Non Active,Spring,2011,Jan,7,0,Sunday,0,Clear,0,3,3,registered
649,Winter,2012,Oct,0,Wednesday,1,Clear,780,6911,7691,Non Active,Spring,2011,Jan,8,0,Sunday,0,Misty,1,11,12,registered
650,Winter,2012,Oct,0,Thursday,1,Clear,834,6736,7570,Non Active,Spring,2011,Jan,9,0,Sunday,0,Misty,4,34,38,registered
651,Winter,2012,Oct,0,Friday,1,Clear,1060,6222,7282,Non Active,Spring,2011,Jan,10,0,Sunday,0,Misty,7,57,64,registered
652,Winter,2012,Oct,0,Saturday,0,Clear,2252,4857,7109,Non Active,Spring,2011,Jan,11,0,Sunday,0,Clear,9,50,59,registered
653,Winter,2012,Oct,0,Sunday,0,Clear,2080,4559,6639,Non Active,Spring,2011,Jan,12,0,Sunday,0,Clear,10,87,97,registered
654,Winter,2012,Oct,0,Monday,1,Misty,760,5115,5875,Active,Spring,2011,Jan,13,0,Sunday,0,Clear,13,71,84,registered
655,Winter,2012,Oct,0,Tuesday,1,Clear,922,6612,7534,Active,Spring,2011,Jan,14,0,Sunday,0,Clear,18,104,122,registered
656,Winter,2012,Oct,0,Wednesday,1,Clear,979,6482,7461,Non Active,Spring,2011,Jan,15,0,Sunday,0,Clear,14,95,109,registered
657,Winter,2012,Oct,0,Thursday,1,Misty,1008,6501,7509,Non Active,Spring,2011,Jan,16,0,Sunday,0,Clear,19,104,123,registered
658,Winter,2012,Oct,0,Friday,1,Misty,753,4671,5424,Non Active,Spring,2011,Jan,17,0,Sunday,0,Clear,6,71,77,registered
659,Winter,2012,Oct,0,Saturday,0,Clear,2806,5284,8090,Non Active,Spring,2011,Jan,18,0,Sunday,0,Clear,8,57,65,registered
660,Winter,2012,Oct,0,Sunday,0,Clear,2132,4692,6824,Non Active,Spring,2011,Jan,19,0,Sunday,0,Clear,9,46,55,registered
661,Winter,2012,Oct,0,Monday,1,Clear,830,6228,7058,Non Active,Spring,2011,Jan,20,0,Sunday,0,Misty,3,30,33,registered
662,Winter,2012,Oct,0,Tuesday,1,Clear,841,6625,7466,Non Active,Spring,2011,Jan,21,0,Sunday,0,Misty,3,25,28,registered
663,Winter,2012,Oct,0,Wednesday,1,Clear,795,6898,7693,Non Active,Spring,2011,Jan,22,0,Sunday,0,Misty,2,19,21,registered
664,Winter,2012,Oct,0,Thursday,1,Misty,875,6484,7359,Non Active,Spring,2011,Jan,23,0,Sunday,0,Misty,5,16,21,registered
665,Winter,2012,Oct,0,Friday,1,Misty,1182,6262,7444,Non Active,Spring,2011,Jan,0,0,Monday,1,Misty,1,6,7,registered
666,Winter,2012,Oct,0,Saturday,0,Misty,2643,5209,7852,Non Active,Spring,2011,Jan,1,0,Monday,1,Clear,2,5,7,registered
667,Winter,2012,Oct,0,Sunday,0,Misty,998,3461,4459,Non Active,Spring,2011,Jan,2,0,Monday,1,Clear,0,1,1,registered
668,Winter,2012,Oct,0,Monday,1,Light_RainSnow,2,20,22,Non Active,Spring,2011,Jan,3,0,Monday,1,Clear,0,2,2,casual
669,Winter,2012,Oct,0,Tuesday,1,Misty,87,1009,1096,Non Active,Spring,2011,Jan,4,0,Monday,1,Clear,0,2,2,registered
670,Winter,2012,Oct,0,Wednesday,1,Misty,419,5147,5566,Active,Spring,2011,Jan,5,0,Monday,1,Clear,0,8,8,registered
671,Winter,2012,Nov,0,Thursday,1,Misty,466,5520,5986,Non Active,Spring,2011,Jan,6,0,Monday,1,Clear,0,37,37,registered
672,Winter,2012,Nov,0,Friday,1,Clear,618,5229,5847,Non Active,Spring,2011,Jan,7,0,Monday,1,Misty,1,71,72,registered
673,Winter,2012,Nov,0,Saturday,0,Misty,1029,4109,5138,Non Active,Spring,2011,Jan,8,0,Monday,1,Misty,3,182,185,registered
674,Winter,2012,Nov,0,Sunday,0,Clear,1201,3906,5107,Active,Spring,2011,Jan,9,0,Monday,1,Misty,0,112,112,registered
675,Winter,2012,Nov,0,Monday,1,Clear,378,4881,5259,Non Active,Spring,2011,Jan,10,0,Monday,1,Misty,1,68,69,registered
676,Winter,2012,Nov,0,Tuesday,1,Clear,466,5220,5686,Non Active,Spring,2011,Jan,11,0,Monday,1,Misty,2,46,48,registered
677,Winter,2012,Nov,0,Wednesday,1,Misty,326,4709,5035,Non Active,Spring,2011,Jan,12,0,Monday,1,Misty,6,62,68,registered
678,Winter,2012,Nov,0,Thursday,1,Clear,340,4975,5315,Non Active,Spring,2011,Jan,13,0,Monday,1,Misty,2,52,54,registered
679,Winter,2012,Nov,0,Friday,1,Clear,709,5283,5992,Non Active,Spring,2011,Jan,14,0,Monday,1,Misty,1,85,86,registered
680,Winter,2012,Nov,0,Saturday,0,Clear,2090,4446,6536,Non Active,Spring,2011,Jan,15,0,Monday,1,Misty,3,41,44,registered
681,Winter,2012,Nov,0,Sunday,0,Clear,2290,4562,6852,Non Active,Spring,2011,Jan,16,0,Monday,1,Misty,3,83,86,registered
682,Winter,2012,Nov,1,Monday,0,Clear,1097,5172,6269,Non Active,Spring,2011,Jan,17,0,Monday,1,Misty,6,155,161,registered
683,Winter,2012,Nov,0,Tuesday,1,Misty,327,3767,4094,Non Active,Spring,2011,Jan,18,0,Monday,1,Misty,3,153,156,registered
684,Winter,2012,Nov,0,Wednesday,1,Clear,373,5122,5495,Non Active,Spring,2011,Jan,19,0,Monday,1,Clear,3,108,111,registered
685,Winter,2012,Nov,0,Thursday,1,Misty,320,5125,5445,Non Active,Spring,2011,Jan,20,0,Monday,1,Light_RainSnow,0,78,78,registered
686,Winter,2012,Nov,0,Friday,1,Clear,484,5214,5698,Non Active,Spring,2011,Jan,21,0,Monday,1,Light_RainSnow,3,53,56,registered
687,Winter,2012,Nov,0,Saturday,0,Clear,1313,4316,5629,Non Active,Spring,2011,Jan,22,0,Monday,1,Misty,0,34,34,registered
688,Winter,2012,Nov,0,Sunday,0,Clear,922,3747,4669,Non Active,Spring,2011,Jan,23,0,Monday,1,Misty,2,15,17,registered
689,Winter,2012,Nov,0,Monday,1,Misty,449,5050,5499,Non Active,Spring,2011,Feb,0,0,Tuesday,1,Misty,2,6,8,registered
690,Winter,2012,Nov,0,Tuesday,1,Misty,534,5100,5634,Non Active,Spring,2011,Feb,1,0,Tuesday,1,Misty,0,3,3,registered
691,Winter,2012,Nov,0,Wednesday,1,Clear,615,4531,5146,Non Active,Spring,2011,Feb,2,0,Tuesday,1,Misty,0,2,2,registered
692,Winter,2012,Nov,1,Thursday,0,Clear,955,1470,2425,Non Active,Spring,2011,Feb,3,0,Tuesday,1,Misty,0,2,2,registered
693,Winter,2012,Nov,0,Friday,1,Clear,1603,2307,3910,Non Active,Spring,2011,Feb,5,0,Tuesday,1,Light_RainSnow,0,3,3,registered
694,Winter,2012,Nov,0,Saturday,0,Clear,532,1745,2277,Non Active,Spring,2011,Feb,6,0,Tuesday,1,Light_RainSnow,0,22,22,registered
695,Winter,2012,Nov,0,Sunday,0,Clear,309,2115,2424,Non Active,Spring,2011,Feb,7,0,Tuesday,1,Light_RainSnow,0,52,52,registered
696,Winter,2012,Nov,0,Monday,1,Clear,337,4750,5087,Non Active,Spring,2011,Feb,8,0,Tuesday,1,Light_RainSnow,3,132,135,registered
697,Winter,2012,Nov,0,Tuesday,1,Misty,123,3836,3959,Non Active,Spring,2011,Feb,9,0,Tuesday,1,Misty,2,114,116,registered
698,Winter,2012,Nov,0,Wednesday,1,Clear,198,5062,5260,Non Active,Spring,2011,Feb,10,0,Tuesday,1,Misty,0,47,47,registered
699,Winter,2012,Nov,0,Thursday,1,Clear,243,5080,5323,Non Active,Spring,2011,Feb,11,0,Tuesday,1,Misty,2,49,51,registered
700,Winter,2012,Nov,0,Friday,1,Clear,362,5306,5668,Non Active,Spring,2011,Feb,12,0,Tuesday,1,Misty,2,53,55,registered
701,Winter,2012,Des,0,Saturday,0,Misty,951,4240,5191,Non Active,Spring,2011,Feb,13,0,Tuesday,1,Misty,3,49,52,registered
702,Winter,2012,Des,0,Sunday,0,Misty,892,3757,4649,Non Active,Spring,2011,Feb,14,0,Tuesday,1,Misty,5,49,54,registered
703,Winter,2012,Des,0,Monday,1,Clear,555,5679,6234,Non Active,Spring,2011,Feb,15,0,Tuesday,1,Misty,7,45,52,registered
704,Winter,2012,Des,0,Tuesday,1,Clear,551,6055,6606,Non Active,Spring,2011,Feb,16,0,Tuesday,1,Misty,3,61,64,registered
705,Winter,2012,Des,0,Wednesday,1,Clear,331,5398,5729,Non Active,Spring,2011,Feb,17,0,Tuesday,1,Misty,4,172,176,registered
706,Winter,2012,Des,0,Thursday,1,Clear,340,5035,5375,Non Active,Spring,2011,Feb,18,0,Tuesday,1,Misty,3,165,168,registered
707,Winter,2012,Des,0,Friday,1,Misty,349,4659,5008,Non Active,Spring,2011,Feb,19,0,Tuesday,1,Misty,3,105,108,registered
708,Winter,2012,Des,0,Saturday,0,Misty,1153,4429,5582,Non Active,Spring,2011,Feb,20,0,Tuesday,1,Misty,5,69,74,registered
709,Winter,2012,Des,0,Sunday,0,Misty,441,2787,3228,Non Active,Spring,2011,Feb,21,0,Tuesday,1,Misty,0,64,64,registered
710,Winter,2012,Des,0,Monday,1,Misty,329,4841,5170,Non Active,Spring,2011,Feb,22,0,Tuesday,1,Misty,2,34,36,registered
711,Winter,2012,Des,0,Tuesday,1,Misty,282,5219,5501,Non Active,Spring,2011,Feb,23,0,Tuesday,1,Light_RainSnow,1,15,16,registered
712,Winter,2012,Des,0,Wednesday,1,Misty,310,5009,5319,Non Active,Spring,2011,Feb,0,0,Wednesday,1,Light_RainSnow,0,2,2,registered
713,Winter,2012,Des,0,Thursday,1,Clear,425,5107,5532,Non Active,Spring,2011,Feb,1,0,Wednesday,1,Light_RainSnow,0,3,3,registered
714,Winter,2012,Des,0,Friday,1,Clear,429,5182,5611,Non Active,Spring,2011,Feb,2,0,Wednesday,1,Light_RainSnow,4,0,4,registered
715,Winter,2012,Des,0,Saturday,0,Clear,767,4280,5047,Non Active,Spring,2011,Feb,3,0,Wednesday,1,Light_RainSnow,0,1,1,registered
716,Winter,2012,Des,0,Sunday,0,Misty,538,3248,3786,Non Active,Spring,2011,Feb,4,0,Wednesday,1,Light_RainSnow,0,1,1,registered
717,Winter,2012,Des,0,Monday,1,Misty,212,4373,4585,Non Active,Spring,2011,Feb,5,0,Wednesday,1,Light_RainSnow,0,3,3,registered
718,Winter,2012,Des,0,Tuesday,1,Clear,433,5124,5557,Non Active,Spring,2011,Feb,6,0,Wednesday,1,Light_RainSnow,1,17,18,registered
719,Winter,2012,Des,0,Wednesday,1,Clear,333,4934,5267,Non Active,Spring,2011,Feb,7,0,Wednesday,1,Light_RainSnow,1,48,49,registered
720,Winter,2012,Des,0,Thursday,1,Misty,314,3814,4128,Non Active,Spring,2011,Feb,8,0,Wednesday,1,Light_RainSnow,1,154,155,registered
721,Spring,2012,Des,0,Friday,1,Misty,221,3402,3623,Non Active,Spring,2011,Feb,9,0,Wednesday,1,Misty,4,119,123,registered
722,Spring,2012,Des,0,Saturday,0,Clear,205,1544,1749,Non Active,Spring,2011,Feb,10,0,Wednesday,1,Misty,2,59,61,registered
723,Spring,2012,Des,0,Sunday,0,Clear,408,1379,1787,Non Active,Spring,2011,Feb,11,0,Wednesday,1,Misty,5,47,52,registered
724,Spring,2012,Des,0,Monday,1,Misty,174,746,920,Non Active,Spring,2011,Feb,12,0,Wednesday,1,Misty,3,61,64,registered
725,Spring,2012,Des,1,Tuesday,0,Misty,440,573,1013,Non Active,Spring,2011,Feb,13,0,Wednesday,1,Clear,1,74,75,registered
726,Spring,2012,Des,0,Wednesday,1,Light_RainSnow,9,432,441,Non Active,Spring,2011,Feb,14,0,Wednesday,1,Clear,2,61,63,registered
727,Spring,2012,Des,0,Thursday,1,Misty,247,1867,2114,Non Active,Spring,2011,Feb,15,0,Wednesday,1,Clear,10,66,76,registered
728,Spring,2012,Des,0,Friday,1,Misty,644,2451,3095,Non Active,Spring,2011,Feb,16,0,Wednesday,1,Clear,8,95,103,registered
729,Spring,2012,Des,0,Saturday,0,Misty,159,1182,1341,Non Active,Spring,2011,Feb,17,0,Wednesday,1,Clear,7,183,190,registered
730,Spring,2012,Des,0,Sunday,0,Clear,364,1432,1796,Non Active,Spring,2011,Feb,18,0,Wednesday,1,Clear,7,175,182,registered
731,Spring,2012,Des,0,Monday,1,Misty,439,2290,2729,Non Active,Spring,2011,Feb,19,0,Wednesday,1,Clear,3,88,91,registered
